Product_Url,Product Name,Price,Ratings,camera_details,battery_details,Processor,product_color,model_name,display_size,display_type,resolution,operating_system,processor_type,ram_size,internal_storage
https://www.flipkart.com/samsung-galaxy-f04-opal-green-64-gb/p/itmd0c05f8b03876?pid=MOBGKY2V7QZ2QVFS&lid=LSTMOBGKY2V7QZ2QVFSGOGYVU&marketplace=FLIPKART&q=smartphone&store=tyy%2F4io&srno=s_1_1&otracker=search&otracker1=search&fm=organic&iid=c953f1e4-c139-4bc1-8bbb-0c09cf005bb9.MOBGKY2V7QZ2QVFS.SEARCH&ppt=None&ppn=None&ssid=6kbgsehy4g0000001682266318215&qH=1036ba3c4ed2c021,"SAMSUNG Galaxy F04 (Opal Green, 64 GB)  (4 GB RAM)","₹7,499",4.3,13MP + 2MP | 5MP Front Camera,5000 mAh Lithium-Ion Battery,Mediatek Helio P35 Processor,O,G,1,H,1,A,M,4,6
https://www.flipkart.com/samsung-galaxy-f04-jade-purple-64-gb/p/itm0934dc56a1df7?pid=MOBGKY2VTP3XETBR&lid=LSTMOBGKY2VTP3XETBRJKXEIM&marketplace=FLIPKART&q=smartphone&store=tyy%2F4io&srno=s_1_2&otracker=search&otracker1=search&fm=organic&iid=c953f1e4-c139-4bc1-8bbb-0c09cf005bb9.MOBGKY2VTP3XETBR.SEARCH&ppt=None&ppn=None&ssid=6kbgsehy4g0000001682266318215&qH=1036ba3c4ed2c021,"SAMSUNG Galaxy F04 (Jade Purple, 64 GB)  (4 GB RAM)","₹7,499",4.3,13MP + 2MP | 5MP Front Camera,5000 mAh Lithium-Ion Battery,Mediatek Helio P35 Processor,J,G,1,H,1,A,M,4,6
https://www.flipkart.com/poco-c55-cool-blue-64-gb/p/itm166c52f5d5dc0?pid=MOBGMXSW55C7ZJE7&lid=LSTMOBGMXSW55C7ZJE7OFBLA7&marketplace=FLIPKART&q=smartphone&store=tyy%2F4io&srno=s_1_3&otracker=search&otracker1=search&fm=organic&iid=c953f1e4-c139-4bc1-8bbb-0c09cf005bb9.MOBGMXSW55C7ZJE7.SEARCH&ppt=None&ppn=None&ssid=6kbgsehy4g0000001682266318215&qH=1036ba3c4ed2c021,"POCO C55 (Cool Blue, 64 GB)  (4 GB RAM)","₹8,499",4.2,50MP Rear Camera | 5MP Front Camera,5000 mAh Battery,Mediatek Helio G85 Processor,C,C,1,N,1,A,M,4,6
https://www.flipkart.com/poco-c50-country-green-32-gb/p/itmceaa9370920fd?pid=MOBGK8WZYEJ3G5AA&lid=LSTMOBGK8WZYEJ3G5AAMF47BF&marketplace=FLIPKART&q=smartphone&store=tyy%2F4io&srno=s_1_4&otracker=search&otracker1=search&fm=organic&iid=c953f1e4-c139-4bc1-8bbb-0c09cf005bb9.MOBGK8WZYEJ3G5AA.SEARCH&ppt=None&ppn=None&ssid=6kbgsehy4g0000001682266318215&qH=1036ba3c4ed2c021,"POCO C50 (Country Green, 32 GB)  (2 GB RAM)","₹5,749",4.3,8MP Dual Camera | 5MP Front Camera,5000 mAh Lithium Polymer Battery,"Mediatek Helio A22 Processor, Upto 2.0 GHz Processor",C,C,1,H,1,A,M,2,3
https://www.flipkart.com/motorola-g52-metallic-white-128-gb/p/itm469efad765b98?pid=MOBGAKFYDDSNZGR8&lid=LSTMOBGAKFYDDSNZGR8W6QBUV&marketplace=FLIPKART&q=smartphone&store=tyy%2F4io&srno=s_1_5&otracker=search&otracker1=search&fm=organic&iid=c953f1e4-c139-4bc1-8bbb-0c09cf005bb9.MOBGAKFYDDSNZGR8.SEARCH&ppt=None&ppn=None&ssid=6kbgsehy4g0000001682266318215&qH=1036ba3c4ed2c021,"MOTOROLA g52 (Metallic White, 128 GB)  (6 GB RAM)","₹12,999",4.2,50MP + 8MP + 2MP | 16MP Front Camera,5000 mAh Lithium Battery,Qualcomm Snapdragon 680 Processor,M,g,1,F,2,A,Q,6,1
https://www.flipkart.com/poco-m4-pro-yellow-64-gb/p/itm1dda9769e7dd9?pid=MOBGBTHFHHZ9XVKM&lid=LSTMOBGBTHFHHZ9XVKMDMKRCC&marketplace=FLIPKART&q=smartphone&store=tyy%2F4io&srno=s_1_6&otracker=search&otracker1=search&fm=organic&iid=c953f1e4-c139-4bc1-8bbb-0c09cf005bb9.MOBGBTHFHHZ9XVKM.SEARCH&ppt=None&ppn=None&ssid=6kbgsehy4g0000001682266318215&qH=1036ba3c4ed2c021,"POCO M4 Pro (Yellow, 64 GB)  (6 GB RAM)","₹11,999",4.3,64MP + 8MP + 2MP | 16MP Front Camera,5000 mAh Lithium-ion Polymer Battery,Mediatek Helio G96 Processor,Y,M,1,F,2,A,M,6,6
https://www.flipkart.com/realme-c33-2023-night-sea-64-gb/p/itmdfad610ca6eff?pid=MOBGMWBY7J7NKPQE&lid=LSTMOBGMWBY7J7NKPQE3AVTPM&marketplace=FLIPKART&q=smartphone&store=tyy%2F4io&srno=s_1_7&otracker=search&otracker1=search&fm=organic&iid=c953f1e4-c139-4bc1-8bbb-0c09cf005bb9.MOBGMWBY7J7NKPQE.SEARCH&ppt=None&ppn=None&ssid=6kbgsehy4g0000001682266318215&qH=1036ba3c4ed2c021,"realme C33 2023 (Night Sea, 64 GB)  (4 GB RAM)","₹9,999",4.5,50MP + 0.3MP | 5MP Front Camera,5000 mAh Lithium Ion Battery,Unisoc T612 Processor,N,C,1,H,1,A,U,4,6
https://www.flipkart.com/realme-c33-2023-aqua-blue-64-gb/p/itmdfad610ca6eff?pid=MOBGMWBYUWY2EMNU&lid=LSTMOBGMWBYUWY2EMNUCEFPBD&marketplace=FLIPKART&q=smartphone&store=tyy%2F4io&srno=s_1_8&otracker=search&otracker1=search&fm=organic&iid=c953f1e4-c139-4bc1-8bbb-0c09cf005bb9.MOBGMWBYUWY2EMNU.SEARCH&ppt=None&ppn=None&ssid=6kbgsehy4g0000001682266318215&qH=1036ba3c4ed2c021,"realme C33 2023 (Aqua Blue, 64 GB)  (4 GB RAM)","₹9,999",4.5,50MP + 0.3MP | 5MP Front Camera,5000 mAh Lithium Ion Battery,Unisoc T612 Processor,A,C,1,H,1,A,U,4,6
https://www.flipkart.com/realme-c33-2023-sandy-gold-64-gb/p/itmdfad610ca6eff?pid=MOBGMWBYFKUYZFZA&lid=LSTMOBGMWBYFKUYZFZAG8DUMK&marketplace=FLIPKART&q=smartphone&store=tyy%2F4io&srno=s_1_9&otracker=search&otracker1=search&fm=organic&iid=c953f1e4-c139-4bc1-8bbb-0c09cf005bb9.MOBGMWBYFKUYZFZA.SEARCH&ppt=None&ppn=None&ssid=6kbgsehy4g0000001682266318215&qH=1036ba3c4ed2c021,"realme C33 2023 (Sandy Gold, 64 GB)  (4 GB RAM)","₹9,999",4.5,50MP + 0.3MP | 5MP Front Camera,5000 mAh Lithium Ion Battery,Unisoc T612 Processor,S,C,1,H,1,A,U,4,6
https://www.flipkart.com/poco-m4-5g-power-black-64-gb/p/itmdca739218a8a0?pid=MOBGDRGPZTSHNQ5H&lid=LSTMOBGDRGPZTSHNQ5HK2U5VI&marketplace=FLIPKART&q=smartphone&store=tyy%2F4io&srno=s_1_10&otracker=search&otracker1=search&fm=organic&iid=c953f1e4-c139-4bc1-8bbb-0c09cf005bb9.MOBGDRGPZTSHNQ5H.SEARCH&ppt=None&ppn=None&ssid=6kbgsehy4g0000001682266318215&qH=1036ba3c4ed2c021,"POCO M4 5G (Power Black, 64 GB)  (4 GB RAM)","₹11,999",4.2,50MP + 2MP | 8MP Front Camera,5000 mAh Lithium Ion Polymer Battery,Mediatek Dimensity 700 Processor,P,M,1,F,2,A,M,4,6
https://www.flipkart.com/poco-c50-royal-blue-32-gb/p/itm9c774a53205d1?pid=MOBGK8WZPS5BQRFA&lid=LSTMOBGK8WZPS5BQRFAEQXUQ9&marketplace=FLIPKART&q=smartphone&store=tyy%2F4io&srno=s_1_11&otracker=search&otracker1=search&fm=organic&iid=c953f1e4-c139-4bc1-8bbb-0c09cf005bb9.MOBGK8WZPS5BQRFA.SEARCH&ppt=None&ppn=None&ssid=6kbgsehy4g0000001682266318215&qH=1036ba3c4ed2c021,"POCO C50 (Royal Blue, 32 GB)  (3 GB RAM)","₹6,549",4.1,8MP Dual Camera | 5MP Front Camera,5000 mAh Lithium Polymer Battery,"Mediatek Helio A22 Processor, Upto 2.0 GHz Processor",R,C,1,H,1,A,M,3,3
https://www.flipkart.com/motorola-e13-aurora-green-64-gb/p/itm3042ad3770a18?pid=MOBGKHNBA55HDSZR&lid=LSTMOBGKHNBA55HDSZRHOAFME&marketplace=FLIPKART&q=smartphone&store=tyy%2F4io&srno=s_1_12&otracker=search&otracker1=search&fm=organic&iid=c953f1e4-c139-4bc1-8bbb-0c09cf005bb9.MOBGKHNBA55HDSZR.SEARCH&ppt=None&ppn=None&ssid=6kbgsehy4g0000001682266318215&qH=1036ba3c4ed2c021,"MOTOROLA e13 (Aurora Green, 64 GB)  (4 GB RAM)","₹7,749",4,13MP Rear Camera | 5MP Front Camera,5000 mAh Battery,Unisoc T606 Processor,A,e,1,H,1,A,U,4,6
https://www.flipkart.com/poco-m4-5g-cool-blue-64-gb/p/itm7b27dd2f5da7e?pid=MOBGDRGPD6YGVHXZ&lid=LSTMOBGDRGPD6YGVHXZXRTTHJ&marketplace=FLIPKART&q=smartphone&store=tyy%2F4io&srno=s_1_13&otracker=search&otracker1=search&fm=organic&iid=c953f1e4-c139-4bc1-8bbb-0c09cf005bb9.MOBGDRGPD6YGVHXZ.SEARCH&ppt=None&ppn=None&ssid=6kbgsehy4g0000001682266318215&qH=1036ba3c4ed2c021,"POCO M4 5G (Cool Blue, 64 GB)  (4 GB RAM)","₹11,999",4.2,50MP + 2MP | 8MP Front Camera,5000 mAh Lithium Ion Polymer Battery,Mediatek Dimensity 700 Processor,C,M,1,F,2,A,M,4,6
https://www.flipkart.com/infinix-smart-7-emerald-green-64-gb/p/itm7b72b66485a59?pid=MOBGMTW2HFCMQY35&lid=LSTMOBGMTW2HFCMQY35R7FJQZ&marketplace=FLIPKART&q=smartphone&store=tyy%2F4io&srno=s_1_14&otracker=search&otracker1=search&fm=organic&iid=c953f1e4-c139-4bc1-8bbb-0c09cf005bb9.MOBGMTW2HFCMQY35.SEARCH&ppt=None&ppn=None&ssid=6kbgsehy4g0000001682266318215&qH=1036ba3c4ed2c021,"Infinix SMART 7 (Emerald Green, 64 GB)  (4 GB RAM)","₹7,499",4.2,13MP + AI Lens | 5MP Front Camera,6000 mAh Battery,Unisoc Spreadtrum SC9863A1 Processor,E,S,1,H,1,A,U,4,6
https://www.flipkart.com/realme-c55-rainy-night-128-gb/p/itm054283d14c56e?pid=MOBGNBYJZJEHR4QN&lid=LSTMOBGNBYJZJEHR4QNO7O0KI&marketplace=FLIPKART&q=smartphone&store=tyy%2F4io&srno=s_1_15&otracker=search&otracker1=search&fm=organic&iid=c953f1e4-c139-4bc1-8bbb-0c09cf005bb9.MOBGNBYJZJEHR4QN.SEARCH&ppt=None&ppn=None&ssid=6kbgsehy4g0000001682266318215&qH=1036ba3c4ed2c021,"realme C55 (Rainy Night, 128 GB)  (8 GB RAM)","₹13,999",4.4,64MP + 2MP | 8MP Front Camera,5000 mAh Battery,Helio G88 Processor,R,C,1,F,2,A,H,8,1
https://www.flipkart.com/realme-c55-sunshower-128-gb/p/itm054283d14c56e?pid=MOBGNBYJUA2G5HK4&lid=LSTMOBGNBYJUA2G5HK40FPVVJ&marketplace=FLIPKART&q=smartphone&store=tyy%2F4io&srno=s_1_16&otracker=search&otracker1=search&fm=organic&iid=c953f1e4-c139-4bc1-8bbb-0c09cf005bb9.MOBGNBYJUA2G5HK4.SEARCH&ppt=None&ppn=None&ssid=6kbgsehy4g0000001682266318215&qH=1036ba3c4ed2c021,"realme C55 (Sunshower, 128 GB)  (8 GB RAM)","₹13,999",4.4,64MP + 2MP | 8MP Front Camera,5000 mAh Battery,Helio G88 Processor,S,C,1,F,2,A,H,8,1
https://www.flipkart.com/realme-c55-rainy-night-64-gb/p/itm054283d14c56e?pid=MOBGNBYJVHS63AAY&lid=LSTMOBGNBYJVHS63AAY2TVRIY&marketplace=FLIPKART&q=smartphone&store=tyy%2F4io&srno=s_1_17&otracker=search&otracker1=search&fm=organic&iid=c953f1e4-c139-4bc1-8bbb-0c09cf005bb9.MOBGNBYJVHS63AAY.SEARCH&ppt=None&ppn=None&ssid=6kbgsehy4g0000001682266318215&qH=1036ba3c4ed2c021,"realme C55 (Rainy Night, 64 GB)  (6 GB RAM)","₹11,999",4.4,64MP + 2MP | 8MP Front Camera,5000 mAh Battery,Helio G88 Processor,R,C,1,F,2,A,H,6,6
https://www.flipkart.com/realme-c55-sunshower-64-gb/p/itm054283d14c56e?pid=MOBGNBYJDJ5YBVGQ&lid=LSTMOBGNBYJDJ5YBVGQ8JESXS&marketplace=FLIPKART&q=smartphone&store=tyy%2F4io&srno=s_1_18&otracker=search&otracker1=search&fm=organic&iid=c953f1e4-c139-4bc1-8bbb-0c09cf005bb9.MOBGNBYJDJ5YBVGQ.SEARCH&ppt=None&ppn=None&ssid=6kbgsehy4g0000001682266318215&qH=1036ba3c4ed2c021,"realme C55 (Sunshower, 64 GB)  (6 GB RAM)","₹11,999",4.4,64MP + 2MP | 8MP Front Camera,5000 mAh Battery,Helio G88 Processor,S,C,1,L,2,A,H,6,6
https://www.flipkart.com/realme-c55-rainy-night-64-gb/p/itm054283d14c56e?pid=MOBGNBYJXR9BTBFT&lid=LSTMOBGNBYJXR9BTBFTO9NHKK&marketplace=FLIPKART&q=smartphone&store=tyy%2F4io&srno=s_1_19&otracker=search&otracker1=search&fm=organic&iid=c953f1e4-c139-4bc1-8bbb-0c09cf005bb9.MOBGNBYJXR9BTBFT.SEARCH&ppt=None&ppn=None&ssid=6kbgsehy4g0000001682266318215&qH=1036ba3c4ed2c021,"realme C55 (Rainy Night, 64 GB)  (4 GB RAM)","₹10,999",4.4,64MP + 2MP | 8MP Front Camera,5000 mAh Battery,Helio G88 Processor,R,C,1,F,2,A,H,4,6
https://www.flipkart.com/realme-c55-sunshower-64-gb/p/itm054283d14c56e?pid=MOBGNBYJCXN6WRB3&lid=LSTMOBGNBYJCXN6WRB3NDXTAJ&marketplace=FLIPKART&q=smartphone&store=tyy%2F4io&spotlightTagId=BestsellerId_tyy%2F4io&srno=s_1_20&otracker=search&otracker1=search&fm=organic&iid=c953f1e4-c139-4bc1-8bbb-0c09cf005bb9.MOBGNBYJCXN6WRB3.SEARCH&ppt=None&ppn=None&ssid=6kbgsehy4g0000001682266318215&qH=1036ba3c4ed2c021,"realme C55 (Sunshower, 64 GB)  (4 GB RAM)","₹10,999",4.4,64MP + 2MP | 8MP Front Camera,5000 mAh Battery,Helio G88 Processor,S,C,1,F,2,A,H,4,6
https://www.flipkart.com/redmi-10-pacific-blue-64-gb/p/itm0f2a6a2112b75?pid=MOBGC9GYCHQZK9GW&lid=LSTMOBGC9GYCHQZK9GWAF1RPC&marketplace=FLIPKART&q=smartphone&store=tyy%2F4io&srno=s_1_21&otracker=search&otracker1=search&fm=organic&iid=c953f1e4-c139-4bc1-8bbb-0c09cf005bb9.MOBGC9GYCHQZK9GW.SEARCH&ppt=None&ppn=None&ssid=6kbgsehy4g0000001682266318215&qH=1036ba3c4ed2c021,"REDMI 10 (Pacific Blue, 64 GB)  (4 GB RAM)","₹9,999",4.3,50MP + 2MP | 5MP Front Camera,6000 mAh Lithium Polymer Battery,Qualcomm Snapdragon 680 Processor,P,1,1,H,1,A,Q,4,6
https://www.flipkart.com/redmi-10-midnight-black-128-gb/p/itm68b3d276eda8c?pid=MOBGC9GYX2QQXKWK&lid=LSTMOBGC9GYX2QQXKWKH9UCNR&marketplace=FLIPKART&q=smartphone&store=tyy%2F4io&srno=s_1_22&otracker=search&otracker1=search&fm=organic&iid=c953f1e4-c139-4bc1-8bbb-0c09cf005bb9.MOBGC9GYX2QQXKWK.SEARCH&ppt=None&ppn=None&ssid=6kbgsehy4g0000001682266318215&qH=1036ba3c4ed2c021,"REDMI 10 (Midnight Black, 128 GB)  (6 GB RAM)","₹11,499",4.2,50MP + 2MP | 5MP Front Camera,6000 mAh Lithium Polymer Battery,Qualcomm Snapdragon 680 Processor,M,1,1,H,1,A,Q,6,1
https://www.flipkart.com/poco-c50-country-green-32-gb/p/itma1fd4c176db79?pid=MOBGK8WZAFFKHXRC&lid=LSTMOBGK8WZAFFKHXRCZKOFDZ&marketplace=FLIPKART&q=smartphone&store=tyy%2F4io&srno=s_1_23&otracker=search&otracker1=search&fm=organic&iid=c953f1e4-c139-4bc1-8bbb-0c09cf005bb9.MOBGK8WZAFFKHXRC.SEARCH&ppt=None&ppn=None&ssid=6kbgsehy4g0000001682266318215&qH=1036ba3c4ed2c021,"POCO C50 (Country Green, 32 GB)  (3 GB RAM)","₹6,549",4.1,8MP Dual Camera | 5MP Front Camera,5000 mAh Lithium Polymer Battery,"Mediatek Helio A22 Processor, Upto 2.0 GHz Processor",C,C,1,H,1,A,M,3,3
https://www.flipkart.com/poco-c55-power-black-64-gb/p/itme567bcd596fe9?pid=MOBGMXSW9PHJVQCA&lid=LSTMOBGMXSW9PHJVQCAFSO8NV&marketplace=FLIPKART&q=smartphone&store=tyy%2F4io&srno=s_1_24&otracker=search&otracker1=search&fm=organic&iid=c953f1e4-c139-4bc1-8bbb-0c09cf005bb9.MOBGMXSW9PHJVQCA.SEARCH&ppt=None&ppn=None&ssid=6kbgsehy4g0000001682266318215&qH=1036ba3c4ed2c021,"POCO C55 (Power Black, 64 GB)  (4 GB RAM)","₹8,499",4.2,50MP Rear Camera | 5MP Front Camera,5000 mAh Battery,Mediatek Helio G85 Processor,P,C,1,N,1,A,M,4,6
https://www.flipkart.com/motorola-e40-carbon-gray-64-gb/p/itm0ca635007c9e2?pid=MOBG2EMWUMUFGSZE&lid=LSTMOBG2EMWUMUFGSZEJNGZMU&marketplace=FLIPKART&q=smartphone&store=tyy%2F4io&srno=s_2_25&otracker=search&otracker1=search&fm=organic&iid=02bceadc-9766-4366-bbb8-09968041d2c4.MOBG2EMWUMUFGSZE.SEARCH&ppt=None&ppn=None&ssid=kmv69dzdqo0000001682266351996&qH=1036ba3c4ed2c021,"MOTOROLA e40 (Carbon Gray, 64 GB)  (4 GB RAM)","₹8,499",4.2,48MP + 2MP + 2MP | 8MP Front Camera,5000 mAh Battery,UNISOC T700 Processor,C,e,1,H,1,A,U,4,6
https://www.flipkart.com/realme-c35-glowing-black-64-gb/p/itmafb045222b2cf?pid=MOBGBTHFDQXQEGNS&lid=LSTMOBGBTHFDQXQEGNSZWXHXJ&marketplace=FLIPKART&q=smartphone&store=tyy%2F4io&srno=s_2_26&otracker=search&otracker1=search&fm=organic&iid=02bceadc-9766-4366-bbb8-09968041d2c4.MOBGBTHFDQXQEGNS.SEARCH&ppt=None&ppn=None&ssid=kmv69dzdqo0000001682266351996&qH=1036ba3c4ed2c021,"realme C35 (Glowing Black, 64 GB)  (4 GB RAM)","₹11,999",4.4,50MP + 2MP + 0.3MP | 8MP Front Camera,5000 mAh Lithium Polymer Battery,Unisoc Tiger T616 Processor,G,C,1,F,2,A,U,4,6
https://www.flipkart.com/poco-c55-power-black-128-gb/p/itm52dfc91751293?pid=MOBGMXSWPMRNGVGW&lid=LSTMOBGMXSWPMRNGVGWUDX773&marketplace=FLIPKART&q=smartphone&store=tyy%2F4io&srno=s_2_27&otracker=search&otracker1=search&fm=organic&iid=02bceadc-9766-4366-bbb8-09968041d2c4.MOBGMXSWPMRNGVGW.SEARCH&ppt=None&ppn=None&ssid=kmv69dzdqo0000001682266351996&qH=1036ba3c4ed2c021,"POCO C55 (Power Black, 128 GB)  (6 GB RAM)","₹9,999",4.2,50MP Rear Camera | 5MP Front Camera,5000 mAh Battery,Mediatek Helio G85 Processor,P,C,1,N,1,A,M,6,1
https://www.flipkart.com/infinix-smart-7-azure-blue-64-gb/p/itm7b72b66485a59?pid=MOBGMTW2WYG2A2FM&lid=LSTMOBGMTW2WYG2A2FMAZGXKU&marketplace=FLIPKART&q=smartphone&store=tyy%2F4io&srno=s_2_28&otracker=search&otracker1=search&fm=organic&iid=02bceadc-9766-4366-bbb8-09968041d2c4.MOBGMTW2WYG2A2FM.SEARCH&ppt=None&ppn=None&ssid=kmv69dzdqo0000001682266351996&qH=1036ba3c4ed2c021,"Infinix SMART 7 (Azure Blue, 64 GB)  (4 GB RAM)","₹7,499",4.2,13MP + AI Lens | 5MP Front Camera,6000 mAh Battery,Unisoc Spreadtrum SC9863A1 Processor,A,S,1,H,1,A,U,4,6
https://www.flipkart.com/infinix-smart-7-night-black-64-gb/p/itm7b72b66485a59?pid=MOBGMTW2T7W2UPB9&lid=LSTMOBGMTW2T7W2UPB99HTRS1&marketplace=FLIPKART&q=smartphone&store=tyy%2F4io&srno=s_2_29&otracker=search&otracker1=search&fm=organic&iid=02bceadc-9766-4366-bbb8-09968041d2c4.MOBGMTW2T7W2UPB9.SEARCH&ppt=None&ppn=None&ssid=kmv69dzdqo0000001682266351996&qH=1036ba3c4ed2c021,"Infinix SMART 7 (Night Black, 64 GB)  (4 GB RAM)","₹7,499",4.2,13MP + AI Lens | 5MP Front Camera,6000 mAh Battery,Unisoc Spreadtrum SC9863A1 Processor,N,S,1,H,1,A,U,4,6
https://www.flipkart.com/realme-c35-glowing-green-64-gb/p/itmafb045222b2cf?pid=MOBGBTHFSKHF8RAU&lid=LSTMOBGBTHFSKHF8RAUQONXWY&marketplace=FLIPKART&q=smartphone&store=tyy%2F4io&srno=s_2_30&otracker=search&otracker1=search&fm=organic&iid=02bceadc-9766-4366-bbb8-09968041d2c4.MOBGBTHFSKHF8RAU.SEARCH&ppt=None&ppn=None&ssid=kmv69dzdqo0000001682266351996&qH=1036ba3c4ed2c021,"realme C35 (Glowing Green, 64 GB)  (4 GB RAM)","₹11,999",4.4,50MP + 2MP + 0.3MP | 8MP Front Camera,5000 mAh Lithium Polymer Battery,Unisoc Tiger T616 Processor,G,C,1,F,2,A,U,4,6
https://www.flipkart.com/apple-iphone-13-midnight-128-gb/p/itmca361aab1c5b0?pid=MOBG6VF5Q82T3XRS&lid=LSTMOBG6VF5Q82T3XRSOXJLM9&marketplace=FLIPKART&q=smartphone&store=tyy%2F4io&srno=s_2_31&otracker=search&otracker1=search&fm=organic&iid=02bceadc-9766-4366-bbb8-09968041d2c4.MOBG6VF5Q82T3XRS.SEARCH&ppt=None&ppn=None&ssid=kmv69dzdqo0000001682266351996&qH=1036ba3c4ed2c021,"APPLE iPhone 13 (Midnight, 128 GB)","₹61,999",4.7,12MP + 12MP | 12MP Front Camera,A15 Bionic Chip Processor,N,M,i,1,S,2,i,A,N,1
https://www.flipkart.com/realme-c35-glowing-black-128-gb/p/itmafb045222b2cf?pid=MOBGBTHFZZN4ADNF&lid=LSTMOBGBTHFZZN4ADNFEGSZHG&marketplace=FLIPKART&q=smartphone&store=tyy%2F4io&srno=s_2_32&otracker=search&otracker1=search&fm=organic&iid=02bceadc-9766-4366-bbb8-09968041d2c4.MOBGBTHFZZN4ADNF.SEARCH&ppt=None&ppn=None&ssid=kmv69dzdqo0000001682266351996&qH=1036ba3c4ed2c021,"realme C35 (Glowing Black, 128 GB)  (4 GB RAM)","₹11,999",4.4,50MP + 2MP + 0.3MP | 8MP Front Camera,5000 mAh Lithium Polymer Battery,Unisoc Tiger T616 Processor,G,C,1,F,2,A,U,4,1
https://www.flipkart.com/samsung-galaxy-f13-sunrise-copper-64-gb/p/itm0d8c65ec17621?pid=MOBGENJWWRYSFC5P&lid=LSTMOBGENJWWRYSFC5P0ONQMC&marketplace=FLIPKART&q=smartphone&store=tyy%2F4io&srno=s_2_33&otracker=search&otracker1=search&fm=organic&iid=02bceadc-9766-4366-bbb8-09968041d2c4.MOBGENJWWRYSFC5P.SEARCH&ppt=None&ppn=None&ssid=kmv69dzdqo0000001682266351996&qH=1036ba3c4ed2c021,"SAMSUNG Galaxy F13 (Sunrise Copper, 64 GB)  (4 GB RAM)","₹10,999",4.4,50MP + 5MP + 2MP | 8MP Front Camera,6000 mAh Lithium Ion Battery,Exynos 850 Processor,S,G,1,F,2,A,E,4,6
https://www.flipkart.com/poco-m4-pro-power-black-128-gb/p/itm084d4c7d880f3?pid=MOBGBTHFNDZUUYRH&lid=LSTMOBGBTHFNDZUUYRHYMVOAP&marketplace=FLIPKART&q=smartphone&store=tyy%2F4io&srno=s_2_34&otracker=search&otracker1=search&fm=organic&iid=02bceadc-9766-4366-bbb8-09968041d2c4.MOBGBTHFNDZUUYRH.SEARCH&ppt=None&ppn=None&ssid=kmv69dzdqo0000001682266351996&qH=1036ba3c4ed2c021,"POCO M4 Pro (Power Black, 128 GB)  (8 GB RAM)","₹13,999",4.3,64MP + 8MP + 2MP | 16MP Front Camera,5000 mAh Lithium-ion Polymer Battery,Mediatek Helio G96 Processor,P,M,1,F,2,A,M,8,1
https://www.flipkart.com/poco-x5-pro-5g-horizon-blue-256-gb/p/itm7d7b6b78895bc?pid=MOBGMDKQ2NHTBHJM&lid=LSTMOBGMDKQ2NHTBHJMQ7AMXN&marketplace=FLIPKART&q=smartphone&store=tyy%2F4io&srno=s_2_35&otracker=search&otracker1=search&fm=organic&iid=02bceadc-9766-4366-bbb8-09968041d2c4.MOBGMDKQ2NHTBHJM.SEARCH&ppt=None&ppn=None&ssid=kmv69dzdqo0000001682266351996&qH=1036ba3c4ed2c021,"POCO X5 Pro 5G (Horizon Blue, 256 GB)  (8 GB RAM)","₹24,999",4.3,108MP + 8MP + 2MP | 16MP Front Camera,5000 mAh Battery,Qualcomm Snapdragon 778G Processor,H,X,1,F,2,A,Q,8,2
https://www.flipkart.com/redmi-10-midnight-black-64-gb/p/itmd93641e4ebb47?pid=MOBGC9GYEBH3GZ4E&lid=LSTMOBGC9GYEBH3GZ4E44YY0L&marketplace=FLIPKART&q=smartphone&store=tyy%2F4io&srno=s_2_36&otracker=search&otracker1=search&fm=organic&iid=02bceadc-9766-4366-bbb8-09968041d2c4.MOBGC9GYEBH3GZ4E.SEARCH&ppt=None&ppn=None&ssid=kmv69dzdqo0000001682266351996&qH=1036ba3c4ed2c021,"REDMI 10 (Midnight Black, 64 GB)  (4 GB RAM)","₹9,999",4.3,50MP + 2MP | 5MP Front Camera,6000 mAh Lithium Polymer Battery,Qualcomm Snapdragon 680 Processor,M,1,1,H,1,A,Q,4,6
https://www.flipkart.com/samsung-galaxy-f13-waterfall-blue-64-gb/p/itm583ef432b2b0c?pid=MOBGENJWBPFYJSFT&lid=LSTMOBGENJWBPFYJSFTP8FGOC&marketplace=FLIPKART&q=smartphone&store=tyy%2F4io&spotlightTagId=BestsellerId_tyy%2F4io&srno=s_2_37&otracker=search&otracker1=search&fm=organic&iid=02bceadc-9766-4366-bbb8-09968041d2c4.MOBGENJWBPFYJSFT.SEARCH&ppt=None&ppn=None&ssid=kmv69dzdqo0000001682266351996&qH=1036ba3c4ed2c021,"SAMSUNG Galaxy F13 (Waterfall Blue, 64 GB)  (4 GB RAM)","₹10,999",4.4,50MP + 5MP + 2MP | 8MP Front Camera,6000 mAh Lithium Ion Battery,Exynos 850 Processor,W,G,1,F,2,A,E,4,6
https://www.flipkart.com/realme-c35-glowing-black-128-gb/p/itmafb045222b2cf?pid=MOBGFJ35DCSRJU2K&lid=LSTMOBGFJ35DCSRJU2KCAUA0K&marketplace=FLIPKART&q=smartphone&store=tyy%2F4io&srno=s_2_38&otracker=search&otracker1=search&fm=organic&iid=02bceadc-9766-4366-bbb8-09968041d2c4.MOBGFJ35DCSRJU2K.SEARCH&ppt=None&ppn=None&ssid=kmv69dzdqo0000001682266351996&qH=1036ba3c4ed2c021,"realme C35 (Glowing Black, 128 GB)  (6 GB RAM)","₹13,999",4.3,50MP + 2MP + 0.3MP | 8MP Front Camera,5000 mAh Lithium Polymer Battery,Unisoc Tiger T616 Processor,G,C,1,F,2,A,U,6,1
https://www.flipkart.com/redmi-a1-light-blue-32-gb/p/itm4999515e917f6?pid=MOBGGYBAN8HMVT5P&lid=LSTMOBGGYBAN8HMVT5PWUDNSV&marketplace=FLIPKART&q=smartphone&store=tyy%2F4io&srno=s_2_39&otracker=search&otracker1=search&fm=organic&iid=02bceadc-9766-4366-bbb8-09968041d2c4.MOBGGYBAN8HMVT5P.SEARCH&ppt=None&ppn=None&ssid=kmv69dzdqo0000001682266351996&qH=1036ba3c4ed2c021,"REDMI A1+ (Light Blue, 32 GB)  (2 GB RAM)","₹6,499",4.2,8MP Rear Camera | 5MP Front Camera,5000 mAh Lithium Polymer Battery,Mediatek Helio A22 Processor,L,A,1,H,1,A,M,2,3
https://www.flipkart.com/poco-m4-5g-yellow-64-gb/p/itm5bd9222dd1355?pid=MOBGDRGPBZHUC3VZ&lid=LSTMOBGDRGPBZHUC3VZKR84R7&marketplace=FLIPKART&q=smartphone&store=tyy%2F4io&srno=s_2_40&otracker=search&otracker1=search&fm=organic&iid=02bceadc-9766-4366-bbb8-09968041d2c4.MOBGDRGPBZHUC3VZ.SEARCH&ppt=None&ppn=None&ssid=kmv69dzdqo0000001682266351996&qH=1036ba3c4ed2c021,"POCO M4 5G (Yellow, 64 GB)  (4 GB RAM)","₹11,999",4.2,50MP + 2MP | 8MP Front Camera,5000 mAh Lithium Ion Polymer Battery,Mediatek Dimensity 700 Processor,Y,M,1,F,2,A,M,4,6
https://www.flipkart.com/poco-c55-forest-green-64-gb/p/itm8b99ef9bd674c?pid=MOBGMXSWFYZYWKTD&lid=LSTMOBGMXSWFYZYWKTDQAAZ6F&marketplace=FLIPKART&q=smartphone&store=tyy%2F4io&srno=s_2_41&otracker=search&otracker1=search&fm=organic&iid=02bceadc-9766-4366-bbb8-09968041d2c4.MOBGMXSWFYZYWKTD.SEARCH&ppt=None&ppn=None&ssid=kmv69dzdqo0000001682266351996&qH=1036ba3c4ed2c021,"POCO C55 (Forest Green, 64 GB)  (4 GB RAM)","₹8,499",4.2,50MP Rear Camera | 5MP Front Camera,5000 mAh Battery,Mediatek Helio G85 Processor,F,C,1,N,1,A,M,4,6
https://www.flipkart.com/vivo-t2-5g-velocity-wave-128-gb/p/itma79eb573156a4?pid=MOBGZBFU3KXMFYHP&lid=LSTMOBGZBFU3KXMFYHPDAIYBV&marketplace=FLIPKART&q=smartphone&store=tyy%2F4io&srno=s_2_42&otracker=search&otracker1=search&fm=organic&iid=02bceadc-9766-4366-bbb8-09968041d2c4.MOBGZBFU3KXMFYHP.SEARCH&ppt=None&ppn=None&ssid=kmv69dzdqo0000001682266351996&qH=1036ba3c4ed2c021,"vivo T2 5G (Velocity Wave, 128 GB)  (6 GB RAM)","₹18,999",4.7,64 MP (OIS) + 2MP | 16MP Front Camera,4500 mAh Battery,Snapdragon 695 Processor,V,T,1,F,2,A,S,6,1
https://www.flipkart.com/samsung-galaxy-f13-nightsky-green-64-gb/p/itmeadfda1bd23fa?pid=MOBGENJWF4KJTPEN&lid=LSTMOBGENJWF4KJTPENS2XJXA&marketplace=FLIPKART&q=smartphone&store=tyy%2F4io&spotlightTagId=FkPickId_tyy%2F4io&srno=s_2_43&otracker=search&otracker1=search&fm=organic&iid=02bceadc-9766-4366-bbb8-09968041d2c4.MOBGENJWF4KJTPEN.SEARCH&ppt=None&ppn=None&ssid=kmv69dzdqo0000001682266351996&qH=1036ba3c4ed2c021,"SAMSUNG Galaxy F13 (Nightsky Green, 64 GB)  (4 GB RAM)","₹10,999",4.4,50MP + 5MP + 2MP | 8MP Front Camera,6000 mAh Lithium Ion Battery,Exynos 850 Processor,N,G,1,F,2,A,E,4,6
https://www.flipkart.com/vivo-t2-5g-nitro-blaze-128-gb/p/itma79eb573156a4?pid=MOBGZBFUVZCHW6HU&lid=LSTMOBGZBFUVZCHW6HUPEQTSN&marketplace=FLIPKART&q=smartphone&store=tyy%2F4io&spotlightTagId=BestsellerId_tyy%2F4io&srno=s_2_44&otracker=search&otracker1=search&fm=organic&iid=02bceadc-9766-4366-bbb8-09968041d2c4.MOBGZBFUVZCHW6HU.SEARCH&ppt=None&ppn=None&ssid=kmv69dzdqo0000001682266351996&qH=1036ba3c4ed2c021,"vivo T2 5G (Nitro Blaze, 128 GB)  (6 GB RAM)","₹18,999",4.7,64 MP (OIS) + 2MP | 16MP Front Camera,4500 mAh Battery,Snapdragon 695 Processor,N,T,1,F,2,A,S,6,1
https://www.flipkart.com/apple-iphone-13-pink-128-gb/p/itm6e30c6ee045d2?pid=MOBG6VF5GXVFTQ5Y&lid=LSTMOBG6VF5GXVFTQ5YSGQY4O&marketplace=FLIPKART&q=smartphone&store=tyy%2F4io&srno=s_2_45&otracker=search&otracker1=search&fm=organic&iid=02bceadc-9766-4366-bbb8-09968041d2c4.MOBG6VF5GXVFTQ5Y.SEARCH&ppt=None&ppn=None&ssid=kmv69dzdqo0000001682266351996&qH=1036ba3c4ed2c021,"APPLE iPhone 13 (Pink, 128 GB)","₹61,999",4.7,12MP + 12MP | 12MP Front Camera,A15 Bionic Chip Processor,N,P,i,1,S,2,i,A,N,1
https://www.flipkart.com/motorola-e13-cosmic-black-64-gb/p/itm6e3f9b274eef3?pid=MOBGKHNBBMSUE94W&lid=LSTMOBGKHNBBMSUE94WYZAYPS&marketplace=FLIPKART&q=smartphone&store=tyy%2F4io&srno=s_2_46&otracker=search&otracker1=search&fm=organic&iid=02bceadc-9766-4366-bbb8-09968041d2c4.MOBGKHNBBMSUE94W.SEARCH&ppt=None&ppn=None&ssid=kmv69dzdqo0000001682266351996&qH=1036ba3c4ed2c021,"MOTOROLA e13 (Cosmic Black, 64 GB)  (4 GB RAM)","₹7,749",4,13MP Rear Camera | 5MP Front Camera,5000 mAh Battery,Unisoc T606 Processor,C,e,1,H,1,A,U,4,6
https://www.flipkart.com/redmi-10-caribbean-green-64-gb/p/itmbfb8dfcdd6e10?pid=MOBGC9GYQGGKWEU3&lid=LSTMOBGC9GYQGGKWEU3SLBNSD&marketplace=FLIPKART&q=smartphone&store=tyy%2F4io&srno=s_2_47&otracker=search&otracker1=search&fm=organic&iid=02bceadc-9766-4366-bbb8-09968041d2c4.MOBGC9GYQGGKWEU3.SEARCH&ppt=None&ppn=None&ssid=kmv69dzdqo0000001682266351996&qH=1036ba3c4ed2c021,"REDMI 10 (Caribbean Green, 64 GB)  (4 GB RAM)","₹9,999",4.3,50MP + 2MP | 5MP Front Camera,6000 mAh Lithium Polymer Battery,Qualcomm Snapdragon 680 Processor,C,1,1,H,1,A,Q,4,6
https://www.flipkart.com/samsung-galaxy-f13-waterfall-blue-128-gb/p/itm85a305642eb7b?pid=MOBGENJWVWYAAVG5&lid=LSTMOBGENJWVWYAAVG5AKPCP0&marketplace=FLIPKART&q=smartphone&store=tyy%2F4io&srno=s_2_48&otracker=search&otracker1=search&fm=organic&iid=02bceadc-9766-4366-bbb8-09968041d2c4.MOBGENJWVWYAAVG5.SEARCH&ppt=None&ppn=None&ssid=kmv69dzdqo0000001682266351996&qH=1036ba3c4ed2c021,"SAMSUNG Galaxy F13 (Waterfall Blue, 128 GB)  (4 GB RAM)","₹11,999",4.4,50MP + 5MP + 2MP | 8MP Front Camera,6000 mAh Lithium Ion Battery,Exynos 850 Processor,W,G,1,F,2,A,E,4,1
https://www.flipkart.com/poco-c55-power-black-128-gb/p/itm52dfc91751293?pid=MOBGMXSWPMRNGVGW&lid=LSTMOBGMXSWPMRNGVGWUDX773&marketplace=FLIPKART&q=smartphone&store=tyy%2F4io&srno=s_3_49&otracker=search&otracker1=search&fm=organic&iid=3170daf7-4a69-4378-a6e1-b8b6955b2673.MOBGMXSWPMRNGVGW.SEARCH&ppt=None&ppn=None&ssid=gvt8fja9fk0000001682266387430&qH=1036ba3c4ed2c021,"POCO C55 (Power Black, 128 GB)  (6 GB RAM)","₹9,999",4.2,50MP Rear Camera | 5MP Front Camera,5000 mAh Battery,Mediatek Helio G85 Processor,P,C,1,N,1,A,M,6,1
https://www.flipkart.com/apple-iphone-13-green-128-gb/p/itm18a55937b2607?pid=MOBGC9VGSU9DWGJZ&lid=LSTMOBGC9VGSU9DWGJZ0Q1T8E&marketplace=FLIPKART&q=smartphone&store=tyy%2F4io&srno=s_3_50&otracker=search&otracker1=search&fm=organic&iid=3170daf7-4a69-4378-a6e1-b8b6955b2673.MOBGC9VGSU9DWGJZ.SEARCH&ppt=None&ppn=None&ssid=gvt8fja9fk0000001682266387430&qH=1036ba3c4ed2c021,"APPLE iPhone 13 (Green, 128 GB)","₹61,999",4.7,12MP + 12MP | 12MP Front Camera,A15 Bionic Chip Processor,N,G,i,1,S,2,i,A,N,1
https://www.flipkart.com/apple-iphone-13-midnight-128-gb/p/itmca361aab1c5b0?pid=MOBG6VF5Q82T3XRS&lid=LSTMOBG6VF5Q82T3XRSOXJLM9&marketplace=FLIPKART&q=smartphone&store=tyy%2F4io&srno=s_3_51&otracker=search&otracker1=search&fm=organic&iid=3170daf7-4a69-4378-a6e1-b8b6955b2673.MOBG6VF5Q82T3XRS.SEARCH&ppt=None&ppn=None&ssid=gvt8fja9fk0000001682266387430&qH=1036ba3c4ed2c021,"APPLE iPhone 13 (Midnight, 128 GB)","₹61,999",4.7,12MP + 12MP | 12MP Front Camera,A15 Bionic Chip Processor,N,M,i,1,S,2,i,A,N,1
https://www.flipkart.com/motorola-g62-5g-midnight-gray-128-gb/p/itm88e51821facb9?pid=MOBGEDT83FAAATHZ&lid=LSTMOBGEDT83FAAATHZIGYOEL&marketplace=FLIPKART&q=smartphone&store=tyy%2F4io&srno=s_3_52&otracker=search&otracker1=search&fm=organic&iid=3170daf7-4a69-4378-a6e1-b8b6955b2673.MOBGEDT83FAAATHZ.SEARCH&ppt=None&ppn=None&ssid=gvt8fja9fk0000001682266387430&qH=1036ba3c4ed2c021,"MOTOROLA G62 5G (Midnight Gray, 128 GB)  (8 GB RAM)","₹16,499",4.1,50MP + 8MP + 2MP | 16MP Front Camera,5000 mAh Lithium Polymer Battery,Qualcomm Snapdragon 695 5G Processor,M,G,1,F,2,A,Q,8,1
https://www.flipkart.com/realme-c35-glowing-black-128-gb/p/itmafb045222b2cf?pid=MOBGBTHFZZN4ADNF&lid=LSTMOBGBTHFZZN4ADNFEGSZHG&marketplace=FLIPKART&q=smartphone&store=tyy%2F4io&srno=s_3_53&otracker=search&otracker1=search&fm=organic&iid=3170daf7-4a69-4378-a6e1-b8b6955b2673.MOBGBTHFZZN4ADNF.SEARCH&ppt=None&ppn=None&ssid=gvt8fja9fk0000001682266387430&qH=1036ba3c4ed2c021,"realme C35 (Glowing Black, 128 GB)  (4 GB RAM)","₹11,999",4.4,50MP + 2MP + 0.3MP | 8MP Front Camera,5000 mAh Lithium Polymer Battery,Unisoc Tiger T616 Processor,G,C,1,F,2,A,U,4,1
https://www.flipkart.com/realme-c35-glowing-green-64-gb/p/itmafb045222b2cf?pid=MOBGBTHFSKHF8RAU&lid=LSTMOBGBTHFSKHF8RAUQONXWY&marketplace=FLIPKART&q=smartphone&store=tyy%2F4io&srno=s_3_54&otracker=search&otracker1=search&fm=organic&iid=3170daf7-4a69-4378-a6e1-b8b6955b2673.MOBGBTHFSKHF8RAU.SEARCH&ppt=None&ppn=None&ssid=gvt8fja9fk0000001682266387430&qH=1036ba3c4ed2c021,"realme C35 (Glowing Green, 64 GB)  (4 GB RAM)","₹11,999",4.4,50MP + 2MP + 0.3MP | 8MP Front Camera,5000 mAh Lithium Polymer Battery,Unisoc Tiger T616 Processor,G,C,1,F,2,A,U,4,6
https://www.flipkart.com/motorola-g32-satin-silver-128-gb/p/itm8e7224d29bfc6?pid=MOBGM2EHGUNGDDQR&lid=LSTMOBGM2EHGUNGDDQRKIBLDP&marketplace=FLIPKART&q=smartphone&store=tyy%2F4io&srno=s_3_55&otracker=search&otracker1=search&fm=organic&iid=3170daf7-4a69-4378-a6e1-b8b6955b2673.MOBGM2EHGUNGDDQR.SEARCH&ppt=None&ppn=None&ssid=gvt8fja9fk0000001682266387430&qH=1036ba3c4ed2c021,"MOTOROLA G32 (Satin Silver, 128 GB)  (8 GB RAM)","₹11,999",4,50MP + 8MP + 2MP | 16MP Front Camera,5000 mAh Battery,Qualcomm Snapdragon 680 Processor,S,G,1,F,2,A,Q,8,1
https://www.flipkart.com/poco-m4-pro-power-black-128-gb/p/itm084d4c7d880f3?pid=MOBGBTHFNDZUUYRH&lid=LSTMOBGBTHFNDZUUYRHYMVOAP&marketplace=FLIPKART&q=smartphone&store=tyy%2F4io&srno=s_3_56&otracker=search&otracker1=search&fm=organic&iid=3170daf7-4a69-4378-a6e1-b8b6955b2673.MOBGBTHFNDZUUYRH.SEARCH&ppt=None&ppn=None&ssid=gvt8fja9fk0000001682266387430&qH=1036ba3c4ed2c021,"POCO M4 Pro (Power Black, 128 GB)  (8 GB RAM)","₹13,999",4.3,64MP + 8MP + 2MP | 16MP Front Camera,5000 mAh Lithium-ion Polymer Battery,Mediatek Helio G96 Processor,P,M,1,F,2,A,M,8,1
https://www.flipkart.com/samsung-galaxy-f13-sunrise-copper-64-gb/p/itm0d8c65ec17621?pid=MOBGENJWWRYSFC5P&lid=LSTMOBGENJWWRYSFC5P0ONQMC&marketplace=FLIPKART&q=smartphone&store=tyy%2F4io&srno=s_3_57&otracker=search&otracker1=search&fm=organic&iid=3170daf7-4a69-4378-a6e1-b8b6955b2673.MOBGENJWWRYSFC5P.SEARCH&ppt=None&ppn=None&ssid=gvt8fja9fk0000001682266387430&qH=1036ba3c4ed2c021,"SAMSUNG Galaxy F13 (Sunrise Copper, 64 GB)  (4 GB RAM)","₹10,999",4.4,50MP + 5MP + 2MP | 8MP Front Camera,6000 mAh Lithium Ion Battery,Exynos 850 Processor,S,G,1,F,2,A,E,4,6
https://www.flipkart.com/poco-x5-pro-5g-horizon-blue-256-gb/p/itm7d7b6b78895bc?pid=MOBGMDKQ2NHTBHJM&lid=LSTMOBGMDKQ2NHTBHJMQ7AMXN&marketplace=FLIPKART&q=smartphone&store=tyy%2F4io&srno=s_3_58&otracker=search&otracker1=search&fm=organic&iid=3170daf7-4a69-4378-a6e1-b8b6955b2673.MOBGMDKQ2NHTBHJM.SEARCH&ppt=None&ppn=None&ssid=gvt8fja9fk0000001682266387430&qH=1036ba3c4ed2c021,"POCO X5 Pro 5G (Horizon Blue, 256 GB)  (8 GB RAM)","₹24,999",4.3,108MP + 8MP + 2MP | 16MP Front Camera,5000 mAh Battery,Qualcomm Snapdragon 778G Processor,H,X,1,F,2,A,Q,8,2
https://www.flipkart.com/redmi-10-caribbean-green-128-gb/p/itm2389889c22bf0?pid=MOBGC9GYQVJHKH76&lid=LSTMOBGC9GYQVJHKH76IXAL5V&marketplace=FLIPKART&q=smartphone&store=tyy%2F4io&srno=s_3_59&otracker=search&otracker1=search&fm=organic&iid=3170daf7-4a69-4378-a6e1-b8b6955b2673.MOBGC9GYQVJHKH76.SEARCH&ppt=None&ppn=None&ssid=gvt8fja9fk0000001682266387430&qH=1036ba3c4ed2c021,"REDMI 10 (Caribbean Green, 128 GB)  (6 GB RAM)","₹11,499",4.2,50MP + 2MP | 5MP Front Camera,6000 mAh Lithium Polymer Battery,Qualcomm Snapdragon 680 Processor,C,1,1,H,1,A,Q,6,1
https://www.flipkart.com/realme-10-pro-5g-dark-matter-128-gb/p/itmd32a2fec1fb60?pid=MOBGK8WZ6FQR4YCJ&lid=LSTMOBGK8WZ6FQR4YCJHEJKXL&marketplace=FLIPKART&q=smartphone&store=tyy%2F4io&srno=s_3_60&otracker=search&otracker1=search&fm=organic&iid=3170daf7-4a69-4378-a6e1-b8b6955b2673.MOBGK8WZ6FQR4YCJ.SEARCH&ppt=None&ppn=None&ssid=gvt8fja9fk0000001682266387430&qH=1036ba3c4ed2c021,"realme 10 Pro+ 5G (Dark Matter, 128 GB)  (6 GB RAM)","₹24,999",4.5,108MP + 8MP + 2MP | 16MP Front Camera,5000 mAh Battery,Mediatek Dimensity 1080 5G Processor,D,1,1,F,2,A,M,6,1
https://www.flipkart.com/realme-10-pro-5g-nebula-blue-128-gb/p/itmd32a2fec1fb60?pid=MOBGK8WZDFASKVUN&lid=LSTMOBGK8WZDFASKVUNV3SCTE&marketplace=FLIPKART&q=smartphone&store=tyy%2F4io&srno=s_3_61&otracker=search&otracker1=search&fm=organic&iid=3170daf7-4a69-4378-a6e1-b8b6955b2673.MOBGK8WZDFASKVUN.SEARCH&ppt=None&ppn=None&ssid=gvt8fja9fk0000001682266387430&qH=1036ba3c4ed2c021,"realme 10 Pro+ 5G (Nebula Blue, 128 GB)  (6 GB RAM)","₹24,999",4.5,108MP + 8MP + 2MP | 16MP Front Camera,5000 mAh Battery,Mediatek Dimensity 1080 5G Processor,N,1,1,F,2,A,M,6,1
https://www.flipkart.com/realme-10-pro-5g-hyperspace-128-gb/p/itmd32a2fec1fb60?pid=MOBGK8WZQJXDBDFF&lid=LSTMOBGK8WZQJXDBDFFRPKQRO&marketplace=FLIPKART&q=smartphone&store=tyy%2F4io&srno=s_3_62&otracker=search&otracker1=search&fm=organic&iid=3170daf7-4a69-4378-a6e1-b8b6955b2673.MOBGK8WZQJXDBDFF.SEARCH&ppt=None&ppn=None&ssid=gvt8fja9fk0000001682266387430&qH=1036ba3c4ed2c021,"realme 10 Pro+ 5G (Hyperspace, 128 GB)  (6 GB RAM)","₹24,999",4.5,108MP + 8MP + 2MP | 16MP Front Camera,5000 mAh Battery,Mediatek Dimensity 1080 5G Processor,H,1,1,F,2,A,M,6,1
https://www.flipkart.com/realme-10-pro-5g-hyperspace-128-gb/p/itmd32a2fec1fb60?pid=MOBGK8WZAAWCVVGZ&lid=LSTMOBGK8WZAAWCVVGZSRDO9R&marketplace=FLIPKART&q=smartphone&store=tyy%2F4io&srno=s_3_63&otracker=search&otracker1=search&fm=organic&iid=3170daf7-4a69-4378-a6e1-b8b6955b2673.MOBGK8WZAAWCVVGZ.SEARCH&ppt=None&ppn=None&ssid=gvt8fja9fk0000001682266387430&qH=1036ba3c4ed2c021,"realme 10 Pro+ 5G (Hyperspace, 128 GB)  (8 GB RAM)","₹25,999",4.5,108MP + 8MP + 2MP | 16MP Front Camera,5000 mAh Battery,Mediatek Dimensity 1080 5G Processor,H,1,1,F,2,A,M,8,1
https://www.flipkart.com/realme-c35-glowing-black-128-gb/p/itmafb045222b2cf?pid=MOBGFJ35DCSRJU2K&lid=LSTMOBGFJ35DCSRJU2KCAUA0K&marketplace=FLIPKART&q=smartphone&store=tyy%2F4io&srno=s_3_64&otracker=search&otracker1=search&fm=organic&iid=3170daf7-4a69-4378-a6e1-b8b6955b2673.MOBGFJ35DCSRJU2K.SEARCH&ppt=None&ppn=None&ssid=gvt8fja9fk0000001682266387430&qH=1036ba3c4ed2c021,"realme C35 (Glowing Black, 128 GB)  (6 GB RAM)","₹13,999",4.3,50MP + 2MP + 0.3MP | 8MP Front Camera,5000 mAh Lithium Polymer Battery,Unisoc Tiger T616 Processor,G,C,1,F,2,A,U,6,1
https://www.flipkart.com/samsung-galaxy-f13-waterfall-blue-64-gb/p/itm583ef432b2b0c?pid=MOBGENJWBPFYJSFT&lid=LSTMOBGENJWBPFYJSFTP8FGOC&marketplace=FLIPKART&q=smartphone&store=tyy%2F4io&srno=s_3_65&otracker=search&otracker1=search&fm=organic&iid=3170daf7-4a69-4378-a6e1-b8b6955b2673.MOBGENJWBPFYJSFT.SEARCH&ppt=None&ppn=None&ssid=gvt8fja9fk0000001682266387430&qH=1036ba3c4ed2c021,"SAMSUNG Galaxy F13 (Waterfall Blue, 64 GB)  (4 GB RAM)","₹10,999",4.4,50MP + 5MP + 2MP | 8MP Front Camera,6000 mAh Lithium Ion Battery,Exynos 850 Processor,W,G,1,F,2,A,E,4,6
https://www.flipkart.com/infinix-hot-30i-mirror-black-128-gb/p/itm8b42a43b35895?pid=MOBGNPK2U9WQFJZX&lid=LSTMOBGNPK2U9WQFJZXOPAJY7&marketplace=FLIPKART&q=smartphone&store=tyy%2F4io&srno=s_3_66&otracker=search&otracker1=search&fm=organic&iid=3170daf7-4a69-4378-a6e1-b8b6955b2673.MOBGNPK2U9WQFJZX.SEARCH&ppt=None&ppn=None&ssid=gvt8fja9fk0000001682266387430&qH=1036ba3c4ed2c021,"Infinix HOT 30i (Mirror Black, 128 GB)  (8 GB RAM)","₹9,499",4.3,50MP + AI Lens | 5MP Front Camera,5000 mAh Battery,G37 Processor,M,H,1,H,1,A,G,8,1
https://www.flipkart.com/redmi-a1-light-blue-32-gb/p/itm4999515e917f6?pid=MOBGGYBAN8HMVT5P&lid=LSTMOBGGYBAN8HMVT5PWUDNSV&marketplace=FLIPKART&q=smartphone&store=tyy%2F4io&srno=s_3_67&otracker=search&otracker1=search&fm=organic&iid=3170daf7-4a69-4378-a6e1-b8b6955b2673.MOBGGYBAN8HMVT5P.SEARCH&ppt=None&ppn=None&ssid=gvt8fja9fk0000001682266387430&qH=1036ba3c4ed2c021,"REDMI A1+ (Light Blue, 32 GB)  (2 GB RAM)","₹6,499",4.2,8MP Rear Camera | 5MP Front Camera,5000 mAh Lithium Polymer Battery,Mediatek Helio A22 Processor,L,A,1,H,1,A,M,2,3
https://www.flipkart.com/poco-m4-5g-yellow-64-gb/p/itm5bd9222dd1355?pid=MOBGDRGPBZHUC3VZ&lid=LSTMOBGDRGPBZHUC3VZKR84R7&marketplace=FLIPKART&q=smartphone&store=tyy%2F4io&srno=s_3_68&otracker=search&otracker1=search&fm=organic&iid=3170daf7-4a69-4378-a6e1-b8b6955b2673.MOBGDRGPBZHUC3VZ.SEARCH&ppt=None&ppn=None&ssid=gvt8fja9fk0000001682266387430&qH=1036ba3c4ed2c021,"POCO M4 5G (Yellow, 64 GB)  (4 GB RAM)","₹11,999",4.2,50MP + 2MP | 8MP Front Camera,5000 mAh Lithium Ion Polymer Battery,Mediatek Dimensity 700 Processor,Y,M,1,F,2,A,M,4,6
https://www.flipkart.com/redmi-10-shadow-black-64-gb/p/itm0f35cd8b62294?pid=MOBGMPHFVU6NNDH5&lid=LSTMOBGMPHFVU6NNDH5AK0YVP&marketplace=FLIPKART&q=smartphone&store=tyy%2F4io&srno=s_3_69&otracker=search&otracker1=search&fm=organic&iid=3170daf7-4a69-4378-a6e1-b8b6955b2673.MOBGMPHFVU6NNDH5.SEARCH&ppt=None&ppn=None&ssid=gvt8fja9fk0000001682266387430&qH=1036ba3c4ed2c021,"REDMI 10 (Shadow Black, 64 GB)  (4 GB RAM)","₹9,999",4.3,50MP + 2MP | 5MP Front Camera,6000 mAh Lithium Polymer Battery,Qualcomm Snapdragon 680 Processor,S,1,1,H,1,A,Q,4,6
https://www.flipkart.com/poco-c55-forest-green-64-gb/p/itm8b99ef9bd674c?pid=MOBGMXSWFYZYWKTD&lid=LSTMOBGMXSWFYZYWKTDQAAZ6F&marketplace=FLIPKART&q=smartphone&store=tyy%2F4io&srno=s_3_70&otracker=search&otracker1=search&fm=organic&iid=3170daf7-4a69-4378-a6e1-b8b6955b2673.MOBGMXSWFYZYWKTD.SEARCH&ppt=None&ppn=None&ssid=gvt8fja9fk0000001682266387430&qH=1036ba3c4ed2c021,"POCO C55 (Forest Green, 64 GB)  (4 GB RAM)","₹8,499",4.2,50MP Rear Camera | 5MP Front Camera,5000 mAh Battery,Mediatek Helio G85 Processor,F,C,1,N,1,A,M,4,6
https://www.flipkart.com/vivo-t2-5g-nitro-blaze-128-gb/p/itma79eb573156a4?pid=MOBGZBFUVZCHW6HU&lid=LSTMOBGZBFUVZCHW6HUPEQTSN&marketplace=FLIPKART&q=smartphone&store=tyy%2F4io&spotlightTagId=BestsellerId_tyy%2F4io&srno=s_3_71&otracker=search&otracker1=search&fm=organic&iid=3170daf7-4a69-4378-a6e1-b8b6955b2673.MOBGZBFUVZCHW6HU.SEARCH&ppt=None&ppn=None&ssid=gvt8fja9fk0000001682266387430&qH=1036ba3c4ed2c021,"vivo T2 5G (Nitro Blaze, 128 GB)  (6 GB RAM)","₹18,999",4.7,64 MP (OIS) + 2MP | 16MP Front Camera,4500 mAh Battery,Snapdragon 695 Processor,N,T,1,F,2,A,S,6,1
https://www.flipkart.com/vivo-t2-5g-velocity-wave-128-gb/p/itma79eb573156a4?pid=MOBGZBFU3KXMFYHP&lid=LSTMOBGZBFU3KXMFYHPDAIYBV&marketplace=FLIPKART&q=smartphone&store=tyy%2F4io&srno=s_3_72&otracker=search&otracker1=search&fm=organic&iid=3170daf7-4a69-4378-a6e1-b8b6955b2673.MOBGZBFU3KXMFYHP.SEARCH&ppt=None&ppn=None&ssid=gvt8fja9fk0000001682266387430&qH=1036ba3c4ed2c021,"vivo T2 5G (Velocity Wave, 128 GB)  (6 GB RAM)","₹18,999",4.7,64 MP (OIS) + 2MP | 16MP Front Camera,4500 mAh Battery,Snapdragon 695 Processor,V,T,1,F,2,A,S,6,1
https://www.flipkart.com/samsung-galaxy-f13-nightsky-green-64-gb/p/itmeadfda1bd23fa?pid=MOBGENJWF4KJTPEN&lid=LSTMOBGENJWF4KJTPENS2XJXA&marketplace=FLIPKART&q=smartphone&store=tyy%2F4io&spotlightTagId=FkPickId_tyy%2F4io&srno=s_4_73&otracker=search&otracker1=search&fm=organic&iid=00c1aa59-95e3-4382-a66b-6593ecbb8a8e.MOBGENJWF4KJTPEN.SEARCH&ppt=None&ppn=None&ssid=r9jkqq0o0g0000001682266423889&qH=1036ba3c4ed2c021,"SAMSUNG Galaxy F13 (Nightsky Green, 64 GB)  (4 GB RAM)","₹10,999",4.4,50MP + 5MP + 2MP | 8MP Front Camera,6000 mAh Lithium Ion Battery,Exynos 850 Processor,N,G,1,F,2,A,E,4,6
https://www.flipkart.com/motorola-g13-lavender-blue-128-gb/p/itm33a28df3f670c?pid=MOBGM2EHC4YKWXMB&lid=LSTMOBGM2EHC4YKWXMBUYHIKN&marketplace=FLIPKART&q=smartphone&store=tyy%2F4io&srno=s_4_74&otracker=search&otracker1=search&fm=organic&iid=00c1aa59-95e3-4382-a66b-6593ecbb8a8e.MOBGM2EHC4YKWXMB.SEARCH&ppt=None&ppn=None&ssid=r9jkqq0o0g0000001682266423889&qH=1036ba3c4ed2c021,"MOTOROLA g13 (Lavender Blue, 128 GB)  (4 GB RAM)","₹9,999",4,50MP + 2MP + 2MP | 8MP Front Camera,5000 mAh Battery,Helio G85 Processor,L,g,1,H,1,A,H,4,1
https://www.flipkart.com/realme-c30-locked-airtel-prepaid-bamboo-green-32-gb/p/itm938b2a52e171f?pid=MOBGFCFQXDH5NZGU&lid=LSTMOBGFCFQXDH5NZGUMBWKGV&marketplace=FLIPKART&q=smartphone&store=tyy%2F4io&srno=s_4_75&otracker=search&otracker1=search&fm=organic&iid=00c1aa59-95e3-4382-a66b-6593ecbb8a8e.MOBGFCFQXDH5NZGU.SEARCH&ppt=None&ppn=None&ssid=r9jkqq0o0g0000001682266423889&qH=1036ba3c4ed2c021,"Realme C30 - Locked with Airtel Prepaid (Bamboo Green, 32 GB)  (2 GB RAM)","₹5,549",4.2,8MP Rear Camera | 5MP Front Camera,5000 mAh Lithium Ion Battery,Unisoc T612 Processor,B,C,1,H,1,A,U,2,3
https://www.flipkart.com/realme-10-pro-5g-dark-matter-128-gb/p/itmd32a2fec1fb60?pid=MOBGK8WZNAZWKQGX&lid=LSTMOBGK8WZNAZWKQGXOWFNQN&marketplace=FLIPKART&q=smartphone&store=tyy%2F4io&srno=s_4_76&otracker=search&otracker1=search&fm=organic&iid=00c1aa59-95e3-4382-a66b-6593ecbb8a8e.MOBGK8WZNAZWKQGX.SEARCH&ppt=None&ppn=None&ssid=r9jkqq0o0g0000001682266423889&qH=1036ba3c4ed2c021,"realme 10 Pro+ 5G (Dark Matter, 128 GB)  (8 GB RAM)","₹25,999",4.5,108MP + 8MP + 2MP | 16MP Front Camera,5000 mAh Battery,Mediatek Dimensity 1080 5G Processor,D,1,1,F,2,A,M,8,1
https://www.flipkart.com/apple-iphone-13-pink-128-gb/p/itm6e30c6ee045d2?pid=MOBG6VF5GXVFTQ5Y&lid=LSTMOBG6VF5GXVFTQ5YSGQY4O&marketplace=FLIPKART&q=smartphone&store=tyy%2F4io&srno=s_4_77&otracker=search&otracker1=search&fm=organic&iid=00c1aa59-95e3-4382-a66b-6593ecbb8a8e.MOBG6VF5GXVFTQ5Y.SEARCH&ppt=None&ppn=None&ssid=r9jkqq0o0g0000001682266423889&qH=1036ba3c4ed2c021,"APPLE iPhone 13 (Pink, 128 GB)","₹61,999",4.7,12MP + 12MP | 12MP Front Camera,A15 Bionic Chip Processor,N,P,i,1,S,2,i,A,N,1
https://www.flipkart.com/poco-c51-royal-blue-64-gb/p/itm1e4e8373537a7?pid=MOBGZCQFCWNDK89P&lid=LSTMOBGZCQFCWNDK89POEPN6S&marketplace=FLIPKART&q=smartphone&store=tyy%2F4io&srno=s_4_78&otracker=search&otracker1=search&fm=organic&iid=00c1aa59-95e3-4382-a66b-6593ecbb8a8e.MOBGZCQFCWNDK89P.SEARCH&ppt=None&ppn=None&ssid=r9jkqq0o0g0000001682266423889&qH=1036ba3c4ed2c021,"POCO C51 (Royal Blue, 64 GB)  (4 GB RAM)","₹7,749",4.3,8MP Rear Camera | 5MP Front Camera,5000 mAh Battery,Helio G36 Processor,R,C,1,H,1,A,H,4,6
https://www.flipkart.com/motorola-e13-cosmic-black-64-gb/p/itm6e3f9b274eef3?pid=MOBGKHNBBMSUE94W&lid=LSTMOBGKHNBBMSUE94WYZAYPS&marketplace=FLIPKART&q=smartphone&store=tyy%2F4io&srno=s_4_79&otracker=search&otracker1=search&fm=organic&iid=00c1aa59-95e3-4382-a66b-6593ecbb8a8e.MOBGKHNBBMSUE94W.SEARCH&ppt=None&ppn=None&ssid=r9jkqq0o0g0000001682266423889&qH=1036ba3c4ed2c021,"MOTOROLA e13 (Cosmic Black, 64 GB)  (4 GB RAM)","₹7,749",4,13MP Rear Camera | 5MP Front Camera,5000 mAh Battery,Unisoc T606 Processor,C,e,1,H,1,A,U,4,6
https://www.flipkart.com/samsung-galaxy-f13-waterfall-blue-128-gb/p/itm85a305642eb7b?pid=MOBGENJWVWYAAVG5&lid=LSTMOBGENJWVWYAAVG5AKPCP0&marketplace=FLIPKART&q=smartphone&store=tyy%2F4io&srno=s_4_80&otracker=search&otracker1=search&fm=organic&iid=00c1aa59-95e3-4382-a66b-6593ecbb8a8e.MOBGENJWVWYAAVG5.SEARCH&ppt=None&ppn=None&ssid=r9jkqq0o0g0000001682266423889&qH=1036ba3c4ed2c021,"SAMSUNG Galaxy F13 (Waterfall Blue, 128 GB)  (4 GB RAM)","₹11,999",4.4,50MP + 5MP + 2MP | 8MP Front Camera,6000 mAh Lithium Ion Battery,Exynos 850 Processor,W,G,1,F,2,A,E,4,1
https://www.flipkart.com/infinix-smart-6-hd-origin-blue-32-gb/p/itme9743e28b0cf7?pid=MOBGGMHWHDPHYSNX&lid=LSTMOBGGMHWHDPHYSNX0ZW5L4&marketplace=FLIPKART&q=smartphone&store=tyy%2F4io&srno=s_4_81&otracker=search&otracker1=search&fm=organic&iid=00c1aa59-95e3-4382-a66b-6593ecbb8a8e.MOBGGMHWHDPHYSNX.SEARCH&ppt=None&ppn=None&ssid=r9jkqq0o0g0000001682266423889&qH=1036ba3c4ed2c021,"Infinix Smart 6 HD (Origin Blue, 32 GB)  (2 GB RAM)","₹5,799",4.3,8MP Rear Camera | 5MP Front Camera,5000 mAh Lithium-ion Polymer Battery,Mediatek Helio A22 Processor,O,S,1,H,1,A,M,2,3
https://www.flipkart.com/infinix-smart-6-hd-force-black-32-gb/p/itme9743e28b0cf7?pid=MOBGGMHWHZCN2MSG&lid=LSTMOBGGMHWHZCN2MSGTWCOJN&marketplace=FLIPKART&q=smartphone&store=tyy%2F4io&srno=s_4_82&otracker=search&otracker1=search&fm=organic&iid=00c1aa59-95e3-4382-a66b-6593ecbb8a8e.MOBGGMHWHZCN2MSG.SEARCH&ppt=None&ppn=None&ssid=r9jkqq0o0g0000001682266423889&qH=1036ba3c4ed2c021,"Infinix Smart 6 HD (Force Black, 32 GB)  (2 GB RAM)","₹5,799",4.3,8MP Rear Camera | 5MP Front Camera,5000 mAh Lithium-ion Polymer Battery,Mediatek Helio A22 Processor,F,S,1,H,1,A,M,2,3
https://www.flipkart.com/infinix-smart-6-hd-aqua-sky-32-gb/p/itme9743e28b0cf7?pid=MOBGGMHWZZR7GB6R&lid=LSTMOBGGMHWZZR7GB6R7FNENW&marketplace=FLIPKART&q=smartphone&store=tyy%2F4io&srno=s_4_83&otracker=search&otracker1=search&fm=organic&iid=00c1aa59-95e3-4382-a66b-6593ecbb8a8e.MOBGGMHWZZR7GB6R.SEARCH&ppt=None&ppn=None&ssid=r9jkqq0o0g0000001682266423889&qH=1036ba3c4ed2c021,"Infinix Smart 6 HD (Aqua Sky, 32 GB)  (2 GB RAM)","₹5,799",4.3,8MP Rear Camera | 5MP Front Camera,5000 mAh Lithium-ion Polymer Battery,Mediatek Helio A22 Processor,A,S,1,H,1,A,M,2,3
https://www.flipkart.com/vivo-t2-5g-nitro-blaze-128-gb/p/itma79eb573156a4?pid=MOBGZBFUHGYHNEMB&lid=LSTMOBGZBFUHGYHNEMBAEJO4M&marketplace=FLIPKART&q=smartphone&store=tyy%2F4io&srno=s_4_84&otracker=search&otracker1=search&fm=organic&iid=00c1aa59-95e3-4382-a66b-6593ecbb8a8e.MOBGZBFUHGYHNEMB.SEARCH&ppt=None&ppn=None&ssid=r9jkqq0o0g0000001682266423889&qH=1036ba3c4ed2c021,"vivo T2 5G (Nitro Blaze, 128 GB)  (8 GB RAM)","₹20,999",4.6,64 MP (OIS) + 2MP | 16MP Front Camera,4500 mAh Battery,Snapdragon 695 Processor,N,T,1,F,2,A,S,8,1
https://www.flipkart.com/vivo-t2-5g-velocity-wave-128-gb/p/itma79eb573156a4?pid=MOBGZBFU2GHZTMGN&lid=LSTMOBGZBFU2GHZTMGNA9LEX4&marketplace=FLIPKART&q=smartphone&store=tyy%2F4io&srno=s_4_85&otracker=search&otracker1=search&fm=organic&iid=00c1aa59-95e3-4382-a66b-6593ecbb8a8e.MOBGZBFU2GHZTMGN.SEARCH&ppt=None&ppn=None&ssid=r9jkqq0o0g0000001682266423889&qH=1036ba3c4ed2c021,"vivo T2 5G (Velocity Wave, 128 GB)  (8 GB RAM)","₹20,999",4.6,64 MP (OIS) + 2MP | 16MP Front Camera,4500 mAh Battery,Snapdragon 695 Processor,V,T,1,F,2,A,S,8,1
https://www.flipkart.com/realme-10-pro-5g-nebula-blue-128-gb/p/itm1e672d12a252e?pid=MOBGK8VHHFY5VCAY&lid=LSTMOBGK8VHHFY5VCAYOXEXVI&marketplace=FLIPKART&q=smartphone&store=tyy%2F4io&srno=s_4_86&otracker=search&otracker1=search&fm=organic&iid=00c1aa59-95e3-4382-a66b-6593ecbb8a8e.MOBGK8VHHFY5VCAY.SEARCH&ppt=None&ppn=None&ssid=r9jkqq0o0g0000001682266423889&qH=1036ba3c4ed2c021,"realme 10 Pro 5G (Nebula Blue, 128 GB)  (8 GB RAM)","₹19,999",4.4,108MP + 2MP | 16MP Front Camera,5000 mAh Battery,Qualcomm Snapdragon 695 5G Processor,N,1,1,F,2,A,Q,8,1
https://www.flipkart.com/realme-10-pro-5g-nebula-blue-128-gb/p/itm1e672d12a252e?pid=MOBGK8VHX6FDJPCE&lid=LSTMOBGK8VHX6FDJPCEW9XIEE&marketplace=FLIPKART&q=smartphone&store=tyy%2F4io&srno=s_4_87&otracker=search&otracker1=search&fm=organic&iid=00c1aa59-95e3-4382-a66b-6593ecbb8a8e.MOBGK8VHX6FDJPCE.SEARCH&ppt=None&ppn=None&ssid=r9jkqq0o0g0000001682266423889&qH=1036ba3c4ed2c021,"realme 10 Pro 5G (Nebula Blue, 128 GB)  (6 GB RAM)","₹18,999",4.4,108MP + 2MP | 16MP Front Camera,5000 mAh Battery,Qualcomm Snapdragon 695 5G Processor,N,1,1,F,2,A,Q,6,1
https://www.flipkart.com/redmi-10-caribbean-green-64-gb/p/itmbfb8dfcdd6e10?pid=MOBGC9GYQGGKWEU3&lid=LSTMOBGC9GYQGGKWEU3SLBNSD&marketplace=FLIPKART&q=smartphone&store=tyy%2F4io&srno=s_4_88&otracker=search&otracker1=search&fm=organic&iid=00c1aa59-95e3-4382-a66b-6593ecbb8a8e.MOBGC9GYQGGKWEU3.SEARCH&ppt=None&ppn=None&ssid=r9jkqq0o0g0000001682266423889&qH=1036ba3c4ed2c021,"REDMI 10 (Caribbean Green, 64 GB)  (4 GB RAM)","₹9,999",4.3,50MP + 2MP | 5MP Front Camera,6000 mAh Lithium Polymer Battery,Qualcomm Snapdragon 680 Processor,C,1,1,H,1,A,Q,4,6
https://www.flipkart.com/poco-m4-5g-yellow-128-gb/p/itm391fa74136549?pid=MOBGDRGPKQYB4RNZ&lid=LSTMOBGDRGPKQYB4RNZWXTHJ5&marketplace=FLIPKART&q=smartphone&store=tyy%2F4io&srno=s_4_89&otracker=search&otracker1=search&fm=organic&iid=00c1aa59-95e3-4382-a66b-6593ecbb8a8e.MOBGDRGPKQYB4RNZ.SEARCH&ppt=None&ppn=None&ssid=r9jkqq0o0g0000001682266423889&qH=1036ba3c4ed2c021,"POCO M4 5G (Yellow, 128 GB)  (6 GB RAM)","₹13,999",4.2,50MP + 2MP | 8MP Front Camera,5000 mAh Lithium Ion Polymer Battery,Mediatek Dimensity 700 Processor,Y,M,1,F,2,A,M,6,1
https://www.flipkart.com/poco-m4-pro-5g-cool-blue-128-gb/p/itma0904b0c413a4?pid=MOBGBEU7BGWZNBYY&lid=LSTMOBGBEU7BGWZNBYYXGBTUG&marketplace=FLIPKART&q=smartphone&store=tyy%2F4io&srno=s_4_90&otracker=search&otracker1=search&fm=organic&iid=00c1aa59-95e3-4382-a66b-6593ecbb8a8e.MOBGBEU7BGWZNBYY.SEARCH&ppt=None&ppn=None&ssid=r9jkqq0o0g0000001682266423889&qH=1036ba3c4ed2c021,"POCO M4 Pro 5G (Cool Blue, 128 GB)  (8 GB RAM)","₹15,999",4.2,50MP + 8MP | 16MP Front Camera,5000 mAh Lithium-ion Polymer Battery,Mediatek Dimensity 810 Processor,C,M,1,F,2,A,M,8,1
https://www.flipkart.com/poco-m4-pro-cool-blue-128-gb/p/itm5f8490c5b5c0e?pid=MOBGBTHFXSFUTMWG&lid=LSTMOBGBTHFXSFUTMWGPGR7GM&marketplace=FLIPKART&q=smartphone&store=tyy%2F4io&srno=s_4_91&otracker=search&otracker1=search&fm=organic&iid=00c1aa59-95e3-4382-a66b-6593ecbb8a8e.MOBGBTHFXSFUTMWG.SEARCH&ppt=None&ppn=None&ssid=r9jkqq0o0g0000001682266423889&qH=1036ba3c4ed2c021,"POCO M4 Pro (Cool Blue, 128 GB)  (8 GB RAM)","₹13,999",4.3,64MP + 8MP + 2MP | 16MP Front Camera,5000 mAh Lithium-ion Polymer Battery,Mediatek Helio G96 Processor,C,M,1,F,2,A,M,8,1
https://www.flipkart.com/realme-9-5g-se-starry-glow-128-gb/p/itmc13efe78f2116?pid=MOBGC2Q5JHAKE6CZ&lid=LSTMOBGC2Q5JHAKE6CZ8STAVD&marketplace=FLIPKART&q=smartphone&store=tyy%2F4io&srno=s_4_92&otracker=search&otracker1=search&fm=organic&iid=00c1aa59-95e3-4382-a66b-6593ecbb8a8e.MOBGC2Q5JHAKE6CZ.SEARCH&ppt=None&ppn=None&ssid=r9jkqq0o0g0000001682266423889&qH=1036ba3c4ed2c021,"realme 9 5G SE (Starry Glow, 128 GB)  (8 GB RAM)","₹18,999",4.3,48MP + 2MP + 2MP | 16MP Front Camera,5000 mAh Lithium Polymer Battery,Qualcomm Snapdragon 778G Processor,S,9,1,F,2,A,Q,8,1
https://www.flipkart.com/realme-9-5g-se-azure-glow-128-gb/p/itmc13efe78f2116?pid=MOBGC2Q5HJWMYFA2&lid=LSTMOBGC2Q5HJWMYFA2XUFPGY&marketplace=FLIPKART&q=smartphone&store=tyy%2F4io&srno=s_4_93&otracker=search&otracker1=search&fm=organic&iid=00c1aa59-95e3-4382-a66b-6593ecbb8a8e.MOBGC2Q5HJWMYFA2.SEARCH&ppt=None&ppn=None&ssid=r9jkqq0o0g0000001682266423889&qH=1036ba3c4ed2c021,"realme 9 5G SE (Azure Glow, 128 GB)  (8 GB RAM)","₹18,999",4.3,48MP + 2MP + 2MP | 16MP Front Camera,5000 mAh Lithium Polymer Battery,Qualcomm Snapdragon 778G Processor,A,9,1,F,2,A,Q,8,1
https://www.flipkart.com/realme-c30-lake-blue-32-gb/p/itmfcf69b2db5059?pid=MOBGF37GTRVMRJVK&lid=LSTMOBGF37GTRVMRJVKRYAJNG&marketplace=FLIPKART&q=smartphone&store=tyy%2F4io&srno=s_4_94&otracker=search&otracker1=search&fm=organic&iid=00c1aa59-95e3-4382-a66b-6593ecbb8a8e.MOBGF37GTRVMRJVK.SEARCH&ppt=None&ppn=None&ssid=r9jkqq0o0g0000001682266423889&qH=1036ba3c4ed2c021,"realme C30 (Lake Blue, 32 GB)  (2 GB RAM)","₹5,999",4.2,8MP Rear Camera | 5MP Front Camera,5000 mAh Lithium Ion Battery,Unisoc T612 Processor,L,C,1,H,1,A,U,2,3
https://www.flipkart.com/realme-c30-bamboo-green-32-gb/p/itmfcf69b2db5059?pid=MOBGF37G7FRK8FBJ&lid=LSTMOBGF37G7FRK8FBJLNLFYW&marketplace=FLIPKART&q=smartphone&store=tyy%2F4io&srno=s_4_95&otracker=search&otracker1=search&fm=organic&iid=00c1aa59-95e3-4382-a66b-6593ecbb8a8e.MOBGF37G7FRK8FBJ.SEARCH&ppt=None&ppn=None&ssid=r9jkqq0o0g0000001682266423889&qH=1036ba3c4ed2c021,"realme C30 (Bamboo Green, 32 GB)  (2 GB RAM)","₹5,999",4.2,8MP Rear Camera | 5MP Front Camera,5000 mAh Lithium Ion Battery,Unisoc T612 Processor,B,C,1,H,1,A,U,2,3
https://www.flipkart.com/realme-c30-denim-black-32-gb/p/itmfcf69b2db5059?pid=MOBGF37G8TGKHFWJ&lid=LSTMOBGF37G8TGKHFWJIST95C&marketplace=FLIPKART&q=smartphone&store=tyy%2F4io&srno=s_4_96&otracker=search&otracker1=search&fm=organic&iid=00c1aa59-95e3-4382-a66b-6593ecbb8a8e.MOBGF37G8TGKHFWJ.SEARCH&ppt=None&ppn=None&ssid=r9jkqq0o0g0000001682266423889&qH=1036ba3c4ed2c021,"realme C30 (Denim Black, 32 GB)  (2 GB RAM)","₹5,999",4.2,8MP Rear Camera | 5MP Front Camera,5000 mAh Lithium Ion Battery,Unisoc T612 Processor,D,C,1,H,1,A,U,2,3
https://www.flipkart.com/redmi-a1-light-green-32-gb/p/itmecc9e7ba0a1df?pid=MOBGGYBAHSAJVKHP&lid=LSTMOBGGYBAHSAJVKHPLQ4OVB&marketplace=FLIPKART&q=smartphone&store=tyy%2F4io&srno=s_5_97&otracker=search&otracker1=search&fm=organic&iid=cc456107-098f-4aab-b47a-f19a9e5f9894.MOBGGYBAHSAJVKHP.SEARCH&ppt=None&ppn=None&ssid=u833l4bz9c0000001682266457451&qH=1036ba3c4ed2c021,"REDMI A1+ (Light Green, 32 GB)  (2 GB RAM)","₹6,499",4.2,8MP Rear Camera | 5MP Front Camera,5000 mAh Lithium Polymer Battery,Mediatek Helio A22 Processor,L,A,1,H,1,A,M,2,3
https://www.flipkart.com/samsung-galaxy-f13-nightsky-green-128-gb/p/itma7ed2982bc08f?pid=MOBGENJW6YHHQDYU&lid=LSTMOBGENJW6YHHQDYUXELNQ3&marketplace=FLIPKART&q=smartphone&store=tyy%2F4io&srno=s_5_98&otracker=search&otracker1=search&fm=organic&iid=cc456107-098f-4aab-b47a-f19a9e5f9894.MOBGENJW6YHHQDYU.SEARCH&ppt=None&ppn=None&ssid=u833l4bz9c0000001682266457451&qH=1036ba3c4ed2c021,"SAMSUNG Galaxy F13 (Nightsky Green, 128 GB)  (4 GB RAM)","₹11,999",4.4,50MP + 5MP + 2MP | 8MP Front Camera,6000 mAh Lithium Ion Battery,Exynos 850 Processor,N,G,1,F,2,A,E,4,1
https://www.flipkart.com/poco-c51-power-black-64-gb/p/itm62bcd2634619e?pid=MOBGZCQFWM5HZHXX&lid=LSTMOBGZCQFWM5HZHXXVV2MKC&marketplace=FLIPKART&q=smartphone&store=tyy%2F4io&srno=s_5_99&otracker=search&otracker1=search&fm=organic&iid=cc456107-098f-4aab-b47a-f19a9e5f9894.MOBGZCQFWM5HZHXX.SEARCH&ppt=None&ppn=None&ssid=u833l4bz9c0000001682266457451&qH=1036ba3c4ed2c021,"POCO C51 (Power Black, 64 GB)  (4 GB RAM)","₹7,749",4.3,8MP Rear Camera | 5MP Front Camera,5000 mAh Battery,Helio G36 Processor,P,C,1,H,1,A,H,4,6
https://www.flipkart.com/poco-c31-shadow-gray-64-gb/p/itm162375acb8370?pid=MOBG73E7UBFXXMCH&lid=LSTMOBG73E7UBFXXMCHKSNGTA&marketplace=FLIPKART&q=smartphone&store=tyy%2F4io&srno=s_5_100&otracker=search&otracker1=search&fm=organic&iid=cc456107-098f-4aab-b47a-f19a9e5f9894.MOBG73E7UBFXXMCH.SEARCH&ppt=None&ppn=None&ssid=u833l4bz9c0000001682266457451&qH=1036ba3c4ed2c021,"POCO C31 (Shadow Gray, 64 GB)  (4 GB RAM)","₹9,499",4.3,13MP + 2MP + 2MP | 5MP Front Camera,5000 mAh Lithium-ion Polymer Battery,MediaTek Helio G35 Processor,S,C,1,H,1,A,M,4,6
https://www.flipkart.com/realme-c30-denim-black-32-gb/p/itmfcf69b2db5059?pid=MOBGF37GMBMYRFBK&lid=LSTMOBGF37GMBMYRFBK6OQWPG&marketplace=FLIPKART&q=smartphone&store=tyy%2F4io&srno=s_5_101&otracker=search&otracker1=search&fm=organic&iid=cc456107-098f-4aab-b47a-f19a9e5f9894.MOBGF37GMBMYRFBK.SEARCH&ppt=None&ppn=None&ssid=u833l4bz9c0000001682266457451&qH=1036ba3c4ed2c021,"realme C30 (Denim Black, 32 GB)  (3 GB RAM)","₹6,999",4.1,8MP Rear Camera | 5MP Front Camera,5000 mAh Lithium Ion Battery,Unisoc T612 Processor,D,C,1,H,1,A,U,3,3
https://www.flipkart.com/motorola-e32-arctic-blue-64-gb/p/itmcba3acdbd70d4?pid=MOBGEA3CAXGEKDRQ&lid=LSTMOBGEA3CAXGEKDRQ6462O0&marketplace=FLIPKART&q=smartphone&store=tyy%2F4io&srno=s_5_102&otracker=search&otracker1=search&fm=organic&iid=cc456107-098f-4aab-b47a-f19a9e5f9894.MOBGEA3CAXGEKDRQ.SEARCH&ppt=None&ppn=None&ssid=u833l4bz9c0000001682266457451&qH=1036ba3c4ed2c021,"MOTOROLA e32 (Arctic Blue, 64 GB)  (4 GB RAM)","₹8,499",3.9,50MP + 2MP | 8MP Front Camera,5000 mAh Battery,Mediatek Helio G37 Processor,A,e,1,H,1,A,M,4,6
https://www.flipkart.com/redmi-10a-sea-blue-64-gb/p/itmab0d50e81ec2e?pid=MOBGHFFTNBSKEFDU&lid=LSTMOBGHFFTNBSKEFDUSXEGRV&marketplace=FLIPKART&q=smartphone&store=tyy%2F4io&srno=s_5_103&otracker=search&otracker1=search&fm=organic&iid=cc456107-098f-4aab-b47a-f19a9e5f9894.MOBGHFFTNBSKEFDU.SEARCH&ppt=None&ppn=None&ssid=u833l4bz9c0000001682266457451&qH=1036ba3c4ed2c021,"REDMI 10A (Sea Blue, 64 GB)  (4 GB RAM)","₹8,998",4.2,13MP Rear Camera,5000 mAh Battery,N,S,1,1,N,1,A,N,4,6
https://www.flipkart.com/redmi-10a-slate-grey-64-gb/p/itmab0d50e81ec2e?pid=MOBGHTDUF7TGZSKF&lid=LSTMOBGHTDUF7TGZSKF6QMTO8&marketplace=FLIPKART&q=smartphone&store=tyy%2F4io&srno=s_5_104&otracker=search&otracker1=search&fm=organic&iid=cc456107-098f-4aab-b47a-f19a9e5f9894.MOBGHTDUF7TGZSKF.SEARCH&ppt=None&ppn=None&ssid=u833l4bz9c0000001682266457451&qH=1036ba3c4ed2c021,"REDMI 10A (Slate grey, 64 GB)  (4 GB RAM)","₹8,605",4.2,13MP Rear Camera,5000 mAh Battery,N,S,1,1,N,1,A,N,4,6
https://www.flipkart.com/poco-c55-cool-blue-128-gb/p/itm26aca9fd143ba?pid=MOBGMXSWJHRVUWFE&lid=LSTMOBGMXSWJHRVUWFEKXH4XM&marketplace=FLIPKART&q=smartphone&store=tyy%2F4io&srno=s_5_105&otracker=search&otracker1=search&fm=organic&iid=cc456107-098f-4aab-b47a-f19a9e5f9894.MOBGMXSWJHRVUWFE.SEARCH&ppt=None&ppn=None&ssid=u833l4bz9c0000001682266457451&qH=1036ba3c4ed2c021,"POCO C55 (Cool Blue, 128 GB)  (6 GB RAM)","₹9,999",4.2,50MP Rear Camera | 5MP Front Camera,5000 mAh Battery,Mediatek Helio G85 Processor,C,C,1,N,1,A,M,6,1
https://www.flipkart.com/motorola-g13-matte-charcoal-64-gb/p/itmc6fc3ffae5ad5?pid=MOBGKHNBZCGVVYFQ&lid=LSTMOBGKHNBZCGVVYFQM8TROM&marketplace=FLIPKART&q=smartphone&store=tyy%2F4io&srno=s_5_106&otracker=search&otracker1=search&fm=organic&iid=cc456107-098f-4aab-b47a-f19a9e5f9894.MOBGKHNBZCGVVYFQ.SEARCH&ppt=None&ppn=None&ssid=u833l4bz9c0000001682266457451&qH=1036ba3c4ed2c021,"MOTOROLA g13 (Matte Charcoal, 64 GB)  (4 GB RAM)","₹9,499",4,50MP + 2MP + 2MP | 8MP Front Camera,5000 mAh Battery,Helio G85 Processor,M,g,1,H,1,A,H,4,6
https://www.flipkart.com/motorola-g32-mineral-gray-64-gb/p/itmdcfa4c4022714?pid=MOBGEA3CZ8Z7HWCY&lid=LSTMOBGEA3CZ8Z7HWCYPHBSGA&marketplace=FLIPKART&q=smartphone&store=tyy%2F4io&srno=s_5_107&otracker=search&otracker1=search&fm=organic&iid=cc456107-098f-4aab-b47a-f19a9e5f9894.MOBGEA3CZ8Z7HWCY.SEARCH&ppt=None&ppn=None&ssid=u833l4bz9c0000001682266457451&qH=1036ba3c4ed2c021,"MOTOROLA G32 (Mineral Gray, 64 GB)  (4 GB RAM)","₹10,499",4.2,50MP + 8MP + 2MP | 16MP Front Camera,5000 mAh Lithium Polymer Battery,Qualcomm Snapdragon 680 Processor,M,G,1,F,2,A,Q,4,6
https://www.flipkart.com/realme-c30-lake-blue-32-gb/p/itmfcf69b2db5059?pid=MOBGF37GWT4TGVZM&lid=LSTMOBGF37GWT4TGVZM1IFYZO&marketplace=FLIPKART&q=smartphone&store=tyy%2F4io&srno=s_5_108&otracker=search&otracker1=search&fm=organic&iid=cc456107-098f-4aab-b47a-f19a9e5f9894.MOBGF37GWT4TGVZM.SEARCH&ppt=None&ppn=None&ssid=u833l4bz9c0000001682266457451&qH=1036ba3c4ed2c021,"realme C30 (Lake Blue, 32 GB)  (3 GB RAM)","₹6,999",4.1,8MP Rear Camera | 5MP Front Camera,5000 mAh Lithium Ion Battery,Unisoc T612 Processor,L,C,1,H,1,A,U,3,3
https://www.flipkart.com/poco-c55-forest-green-128-gb/p/itm7ed4c1ff2689f?pid=MOBGMXSWCYATKHYR&lid=LSTMOBGMXSWCYATKHYRK6MOJZ&marketplace=FLIPKART&q=smartphone&store=tyy%2F4io&srno=s_5_109&otracker=search&otracker1=search&fm=organic&iid=cc456107-098f-4aab-b47a-f19a9e5f9894.MOBGMXSWCYATKHYR.SEARCH&ppt=None&ppn=None&ssid=u833l4bz9c0000001682266457451&qH=1036ba3c4ed2c021,"POCO C55 (Forest Green, 128 GB)  (6 GB RAM)","₹9,999",4.2,50MP Rear Camera | 5MP Front Camera,5000 mAh Battery,Mediatek Helio G85 Processor,F,C,1,N,1,A,M,6,1
https://www.flipkart.com/realme-10-pro-5g-hyperspace-128-gb/p/itm1e672d12a252e?pid=MOBGK8VHZPVGJCES&lid=LSTMOBGK8VHZPVGJCES9YRIWN&marketplace=FLIPKART&q=smartphone&store=tyy%2F4io&srno=s_5_110&otracker=search&otracker1=search&fm=organic&iid=cc456107-098f-4aab-b47a-f19a9e5f9894.MOBGK8VHZPVGJCES.SEARCH&ppt=None&ppn=None&ssid=u833l4bz9c0000001682266457451&qH=1036ba3c4ed2c021,"realme 10 Pro 5G (Hyperspace, 128 GB)  (8 GB RAM)","₹19,999",4.4,108MP + 2MP | 16MP Front Camera,5000 mAh Battery,Qualcomm Snapdragon 695 5G Processor,H,1,1,F,2,A,Q,8,1
https://www.flipkart.com/redmi-10a-charcoal-black-64-gb/p/itmab0d50e81ec2e?pid=MOBGHFFTYB6GYY4Y&lid=LSTMOBGHFFTYB6GYY4Y3SA7PG&marketplace=FLIPKART&q=smartphone&store=tyy%2F4io&srno=s_5_111&otracker=search&otracker1=search&fm=organic&iid=cc456107-098f-4aab-b47a-f19a9e5f9894.MOBGHFFTYB6GYY4Y.SEARCH&ppt=None&ppn=None&ssid=u833l4bz9c0000001682266457451&qH=1036ba3c4ed2c021,"REDMI 10A (Charcoal Black, 64 GB)  (4 GB RAM)","₹8,641",4.2,13MP Rear Camera,5000 mAh Battery,N,C,1,1,N,1,A,N,4,6
https://www.flipkart.com/infinix-note-11s-free-fire-haze-green-128-gb/p/itmebd3588b241d9?pid=MOBG9ACWTQWZSPY4&lid=LSTMOBG9ACWTQWZSPY4N8JL8V&marketplace=FLIPKART&q=smartphone&store=tyy%2F4io&srno=s_5_112&otracker=search&otracker1=search&fm=organic&iid=cc456107-098f-4aab-b47a-f19a9e5f9894.MOBG9ACWTQWZSPY4.SEARCH&ppt=None&ppn=None&ssid=u833l4bz9c0000001682266457451&qH=1036ba3c4ed2c021,"Infinix Note 11s Free Fire Edition (Haze Green, 128 GB)  (8 GB RAM)","₹15,999",4.2,50 MP + 2 MP Depth Lens + 2 MP Macro Lens | 16MP Front Camera,5000 mAh Li-ion Polymer Battery,MediaTek Helio G96 Processor,H,N,1,F,2,A,M,8,1
https://www.flipkart.com/realme-10-pro-5g-hyperspace-128-gb/p/itm1e672d12a252e?pid=MOBGK8VHECUBAZFA&lid=LSTMOBGK8VHECUBAZFAPQMQUM&marketplace=FLIPKART&q=smartphone&store=tyy%2F4io&srno=s_5_113&otracker=search&otracker1=search&fm=organic&iid=cc456107-098f-4aab-b47a-f19a9e5f9894.MOBGK8VHECUBAZFA.SEARCH&ppt=None&ppn=None&ssid=u833l4bz9c0000001682266457451&qH=1036ba3c4ed2c021,"realme 10 Pro 5G (Hyperspace, 128 GB)  (6 GB RAM)","₹18,999",4.4,108MP + 2MP | 16MP Front Camera,5000 mAh Battery,Qualcomm Snapdragon 695 5G Processor,H,1,1,F,2,A,Q,6,1
https://www.flipkart.com/realme-10-pro-5g-dark-matter-128-gb/p/itm1e672d12a252e?pid=MOBGK8VHWBRKYFJD&lid=LSTMOBGK8VHWBRKYFJDTEBOFU&marketplace=FLIPKART&q=smartphone&store=tyy%2F4io&srno=s_5_114&otracker=search&otracker1=search&fm=organic&iid=cc456107-098f-4aab-b47a-f19a9e5f9894.MOBGK8VHWBRKYFJD.SEARCH&ppt=None&ppn=None&ssid=u833l4bz9c0000001682266457451&qH=1036ba3c4ed2c021,"realme 10 Pro 5G (Dark Matter, 128 GB)  (6 GB RAM)","₹18,999",4.4,108MP + 2MP | 16MP Front Camera,5000 mAh Battery,Qualcomm Snapdragon 695 5G Processor,D,1,1,F,2,A,Q,6,1
https://www.flipkart.com/redmi-10-pacific-blue-128-gb/p/itmeee56f3526c69?pid=MOBGC9GYMXA2XAH4&lid=LSTMOBGC9GYMXA2XAH4QEHS0T&marketplace=FLIPKART&q=smartphone&store=tyy%2F4io&srno=s_5_115&otracker=search&otracker1=search&fm=organic&iid=cc456107-098f-4aab-b47a-f19a9e5f9894.MOBGC9GYMXA2XAH4.SEARCH&ppt=None&ppn=None&ssid=u833l4bz9c0000001682266457451&qH=1036ba3c4ed2c021,"REDMI 10 (Pacific Blue, 128 GB)  (6 GB RAM)","₹11,499",4.2,50MP + 2MP | 5MP Front Camera,6000 mAh Lithium Polymer Battery,Qualcomm Snapdragon 680 Processor,P,1,1,H,1,A,Q,6,1
https://www.flipkart.com/realme-10-rush-black-64-gb/p/itmd6481542c3c73?pid=MOBGH2VFXREZWPYV&lid=LSTMOBGH2VFXREZWPYVLLSV7Z&marketplace=FLIPKART&q=smartphone&store=tyy%2F4io&srno=s_5_116&otracker=search&otracker1=search&fm=organic&iid=cc456107-098f-4aab-b47a-f19a9e5f9894.MOBGH2VFXREZWPYV.SEARCH&ppt=None&ppn=None&ssid=u833l4bz9c0000001682266457451&qH=1036ba3c4ed2c021,"realme 10 (Rush Black, 64 GB)  (4 GB RAM)","₹13,999",4.3,50MP + 2MP | 16MP Front Camera,5000 mAh Battery,Mediatek Helio G99 Octa Core Processor,R,1,1,F,2,A,M,4,6
https://www.flipkart.com/motorola-g31-meteorite-grey-64-gb/p/itmbdda30a7812a0?pid=MOBG3E8WK7736ZH5&lid=LSTMOBG3E8WK7736ZH5GKDI1F&marketplace=FLIPKART&q=smartphone&store=tyy%2F4io&srno=s_5_117&otracker=search&otracker1=search&fm=organic&iid=cc456107-098f-4aab-b47a-f19a9e5f9894.MOBG3E8WK7736ZH5.SEARCH&ppt=None&ppn=None&ssid=u833l4bz9c0000001682266457451&qH=1036ba3c4ed2c021,"MOTOROLA g31 (Meteorite Grey, 64 GB)  (4 GB RAM)","₹9,499",4.2,50MP + 8MP + 2MP | 13MP Front Camera,5000 mAh LiPo Battery,Mediatek Helio G85 Processor,M,g,1,F,2,A,M,4,6
https://www.flipkart.com/motorola-e13-creamy-white-64-gb/p/itmed5dee4971c2d?pid=MOBGKHNBQSZVJGZJ&lid=LSTMOBGKHNBQSZVJGZJXVIBSR&marketplace=FLIPKART&q=smartphone&store=tyy%2F4io&srno=s_5_118&otracker=search&otracker1=search&fm=organic&iid=cc456107-098f-4aab-b47a-f19a9e5f9894.MOBGKHNBQSZVJGZJ.SEARCH&ppt=None&ppn=None&ssid=u833l4bz9c0000001682266457451&qH=1036ba3c4ed2c021,"MOTOROLA e13 (Creamy White, 64 GB)  (4 GB RAM)","₹7,749",4,13MP Rear Camera | 5MP Front Camera,5000 mAh Battery,Unisoc T606 Processor,C,e,1,H,1,A,U,4,6
https://www.flipkart.com/redmi-a1-black-32-gb/p/itm70b00a77a7d1d?pid=MOBGGYBABVXHHRDQ&lid=LSTMOBGGYBABVXHHRDQTMWLXJ&marketplace=FLIPKART&q=smartphone&store=tyy%2F4io&srno=s_5_119&otracker=search&otracker1=search&fm=organic&iid=cc456107-098f-4aab-b47a-f19a9e5f9894.MOBGGYBABVXHHRDQ.SEARCH&ppt=None&ppn=None&ssid=u833l4bz9c0000001682266457451&qH=1036ba3c4ed2c021,"REDMI A1+ (Black, 32 GB)  (2 GB RAM)","₹6,499",4.2,8MP Rear Camera | 5MP Front Camera,5000 mAh Lithium Polymer Battery,Mediatek Helio A22 Processor,B,A,1,H,1,A,M,2,3
https://www.flipkart.com/oneplus-nord-ce-2-lite-5g-blue-tide-128-gb/p/itm7acae55b999e6?pid=MOBGHBNGY5NDH3GV&lid=LSTMOBGHBNGY5NDH3GVZVGCIQ&marketplace=FLIPKART&q=smartphone&store=tyy%2F4io&srno=s_5_120&otracker=search&otracker1=search&fm=organic&iid=cc456107-098f-4aab-b47a-f19a9e5f9894.MOBGHBNGY5NDH3GV.SEARCH&ppt=None&ppn=None&ssid=u833l4bz9c0000001682266457451&qH=1036ba3c4ed2c021,"OnePlus Nord CE 2 Lite 5G (Blue Tide, 128 GB)  (8 GB RAM)","₹21,974",4.3,64MP Rear Camera,5000 mAh Battery,N,B,N,1,N,2,A,N,8,1
